web-scraper-order,web-scraper-start-url,comments,posts,posts-href,comments_scroll
1638143471-1536,https://www.instagram.com/imdb/,,,https://www.instagram.com/p/CV-wV9LtXwi/,xoxomarlaxoxoAbsolutely all of them and woooooody is the best character everrrr!!!!!3w1 likeReply
1638143471-1529,https://www.instagram.com/imdb/,,,https://www.instagram.com/p/CV-wV9LtXwi/,___blackviper___Toy Story 3 is absolute class and imo one of the best movies of all time - certainly pixar's best.3w59 likesReply
1638143471-1528,https://www.instagram.com/imdb/,,,https://www.instagram.com/p/CV-wV9LtXwi/,mariadomenique#3 is my fav3wReply
1638143471-1535,https://www.instagram.com/imdb/,,,https://www.instagram.com/p/CV-wV9LtXwi/,gen___d3ğŸ˜3w2 likesReply
1638143471-1534,https://www.instagram.com/imdb/,,,https://www.instagram.com/p/CV-wV9LtXwi/,aminalenzzPOSI VIBES ONLY!3w216 likesReply
1638143471-1530,https://www.instagram.com/imdb/,,,https://www.instagram.com/p/CV-wV9LtXwi/,"eden_rahavToy story 2 always has been my favorite, from the epic opening of Buzz Lightyear to the end of the movie3w41 likesReply"
1638143471-1533,https://www.instagram.com/imdb/,,,https://www.instagram.com/p/CV-wV9LtXwi/,adonismimonDefinitely toy story 33w9 likesReply
1638143471-1537,https://www.instagram.com/imdb/,,,https://www.instagram.com/p/CV-wV9LtXwi/,marysaylisnkaIn their speeches they call3w136 likesReply
1638143471-1526,https://www.instagram.com/imdb/,,,https://www.instagram.com/p/CV-wV9LtXwi/,"imdbVerifiedâ€œWe've done our duty. Andy's grown up.â€ ğŸ’š Which #ToyStory film is your favorite?

ğŸ“¸: Curious Charts / @raccoon.society3w"
1638143471-1527,https://www.instagram.com/imdb/,,,https://www.instagram.com/p/CV-wV9LtXwi/,the_minimalist____#13wReply
1638143471-1532,https://www.instagram.com/imdb/,,,https://www.instagram.com/p/CV-wV9LtXwi/,"ciaran.flynn07For me, itâ€™s Toy Story 3. Not only is it my favourite Toy Story movie, but my favourite Pixar movie.3w13 likesReply"
1638143471-1538,https://www.instagram.com/imdb/,,,https://www.instagram.com/p/CV-wV9LtXwi/,mrgor.rowToy Story 3 bc it got me sad by the time the credits rolled.3w23 likesReply
1638143471-1531,https://www.instagram.com/imdb/,,,https://www.instagram.com/p/CV-wV9LtXwi/,"joost.bony1. Toy Story 3 
2. Toy Story 2 
3. Toy Story 
4. Toy Story 4
But there all like so close and all incredible movies in there own right3w18 likesReply"
1638143449-1414,https://www.instagram.com/imdb/,,,https://www.instagram.com/p/CV0rAr9LE06/,zil_a_anwarThis is awesome ğŸ‘ğŸ‘3wReply
1638143449-1412,https://www.instagram.com/imdb/,,,https://www.instagram.com/p/CV0rAr9LE06/,all_my_richesThanking Michael B Jordan for his service ğŸ”¥ğŸ˜âœ¨3w1 likeReply
1638143449-1417,https://www.instagram.com/imdb/,,,https://www.instagram.com/p/CV0rAr9LE06/,mahdiaqawantedwhere are the comments?3wReply
1638143449-1413,https://www.instagram.com/imdb/,,,https://www.instagram.com/p/CV0rAr9LE06/,david10084ğŸ”¥ğŸ”¥ğŸ”¥ğŸ”¥ğŸ”¥ğŸ”¥ğŸ”¥ğŸ”¥ğŸ”¥ğŸ”¥ğŸ”¥ğŸ”¥ğŸ”¥ğŸ”¥3wReply
1638143449-1418,https://www.instagram.com/imdb/,,,https://www.instagram.com/p/CV0rAr9LE06/,svenjav55ğŸ’‹ lust3w30 likesReply
1638143449-1411,https://www.instagram.com/imdb/,,,https://www.instagram.com/p/CV0rAr9LE06/,nataliab_8Simple BeautifulğŸ‘â¤ï¸ğŸˆğŸˆğŸˆğŸˆğŸˆğŸˆğŸˆğŸˆğŸˆğŸˆğŸˆâ¤ï¸2w1 likeReply
1638143449-1410,https://www.instagram.com/imdb/,,,https://www.instagram.com/p/CV0rAr9LE06/,eliaslima.2787#DenzelWashingtonğŸ‘ğŸ‘ğŸ‘ğŸ‘ğŸ‘â¤â¤â¤â¤â¤3wReply
1638143449-1415,https://www.instagram.com/imdb/,,,https://www.instagram.com/p/CV0rAr9LE06/,rosanne.rodrigues.5ğŸ‘ğŸ‘ğŸ‘3wReply
1638143449-1409,https://www.instagram.com/imdb/,,,https://www.instagram.com/p/CV0rAr9LE06/,"imdbVerified'A Journal for Jordan' Trailer

Real love takes sacrifice. Directed by #DenzelWashington and starring @michaelbjordan and @chantee__, this is #AJournalForJordan.3w"
1638143449-1420,https://www.instagram.com/imdb/,,,https://www.instagram.com/p/CV0rAr9LE06/,cheekyjerica12anywayğŸ¨3w133 likesReply
1638143449-1419,https://www.instagram.com/imdb/,,,https://www.instagram.com/p/CV0rAr9LE06/,keemissaofficialğŸ™ŒğŸ”¥3wReply
1638143449-1421,https://www.instagram.com/imdb/,,,https://www.instagram.com/p/CV0rAr9LE06/,"bjohnsoncgmJust incredible, canâ€™t wait to see these Kingâ€™s and Queenâ€™s at work.  Congratulations @michaelbjordan and all cast members.3w1 likeReply"
1638143449-1416,https://www.instagram.com/imdb/,,,https://www.instagram.com/p/CV0rAr9LE06/,mexicansting*Has slightly worn in shoes* HEâ€™S NOT MY TYPE3w1 likeReply
1638143452-1432,https://www.instagram.com/imdb/,,,https://www.instagram.com/p/CV0zjIjNmn2/,slq_7184Good questions. Refreshing actually. Usually itâ€™s the same damn questions when sheâ€™s being interviewed.3w3 likesReply
1638143452-1426,https://www.instagram.com/imdb/,,,https://www.instagram.com/p/CV0zjIjNmn2/,ht3.14159I love her friendship with Pablo they sound like they had so much fun making the movie3w17 likesReply
1638143452-1434,https://www.instagram.com/imdb/,,,https://www.instagram.com/p/CV0zjIjNmn2/,baniamin.baniaminBeautifulğŸ‡²ğŸ‡¨ğŸ˜‚ğŸ‘ğŸ‘2wReply
1638143452-1433,https://www.instagram.com/imdb/,,,https://www.instagram.com/p/CV0zjIjNmn2/,upcomingattractionsSo incredibly excited for this!3w3 likesReply
1638143452-1425,https://www.instagram.com/imdb/,,,https://www.instagram.com/p/CV0zjIjNmn2/,"alex.mvichGreat q&a, I love all of her answers3w14 likesReply"
1638143452-1422,https://www.instagram.com/imdb/,,,https://www.instagram.com/p/CV0zjIjNmn2/,"imdbVerifiedKristen Stewart Answers Fan Questions ğŸ‘‘

#KristenStewart reveals what she took from the #Spencer set, why Diana's accent was challenging, and her favorite meal to cook.ğŸ‘©â€ğŸ³ @spencer_movie3w"
1638143452-1429,https://www.instagram.com/imdb/,,,https://www.instagram.com/p/CV0zjIjNmn2/,leticiaa_lopesI love her ğŸ˜ğŸ˜ğŸ‘ğŸ‘ canâ€™t wait for the Oscar â¤ï¸3w3 likesReply
1638143452-1430,https://www.instagram.com/imdb/,,,https://www.instagram.com/p/CV0zjIjNmn2/,sabryx_martinezQUEEN â¤ï¸3w6 likesReply
1638143452-1431,https://www.instagram.com/imdb/,,,https://www.instagram.com/p/CV0zjIjNmn2/,nemo_se_debet_nisi_coram_deoActually thought she was brilliant in underwater3w6 likesReply
1638143452-1428,https://www.instagram.com/imdb/,,,https://www.instagram.com/p/CV0zjIjNmn2/,itsfriendstvI can't wait to see this movie ğŸ˜3w8 likesReply
1638143452-1424,https://www.instagram.com/imdb/,,,https://www.instagram.com/p/CV0zjIjNmn2/,m._90ksThe oscar is waiting for her ğŸ”¥ğŸ”¥â¤ï¸â¤ï¸3w15 likesReply
1638143452-1423,https://www.instagram.com/imdb/,,,https://www.instagram.com/p/CV0zjIjNmn2/,isabelborgesSheâ€™s perfect ğŸ˜­ğŸ˜­ğŸ˜­ğŸ˜­ğŸ˜­3w20 likesReply
1638143452-1427,https://www.instagram.com/imdb/,,,https://www.instagram.com/p/CV0zjIjNmn2/,niloufarpeiroviğŸ˜‘ğŸ˜’ğŸ‘ğŸ‘ğŸ‘ğŸ‘3w8 likesReply
1638143455-1447,https://www.instagram.com/imdb/,,,https://www.instagram.com/p/CV3VpUvvywV/,noyanaveh_The best cast ever!! And gal looked super cute !!3w1 likeReply
1638143455-1444,https://www.instagram.com/imdb/,,,https://www.instagram.com/p/CV3VpUvvywV/,"mr.kevmmWow a generic cast for a generic movie. So excited, definitely not flopping in the box office.3w18 likesReply"
1638143455-1440,https://www.instagram.com/imdb/,,,https://www.instagram.com/p/CV3VpUvvywV/,ademjkemalYou know this film wonâ€™t get more than 6.5 on imdb.3w64 likesReply
1638143455-1436,https://www.instagram.com/imdb/,,,https://www.instagram.com/p/CV3VpUvvywV/,"aubreemaltbieGrowing in relationships with friends and family, clear mindset, and positive energy! ????3w213 likesReply"
1638143455-1437,https://www.instagram.com/imdb/,,,https://www.instagram.com/p/CV3VpUvvywV/,cheekyjerica13ğŸ˜‘jm3w131 likesReply
1638143455-1445,https://www.instagram.com/imdb/,,,https://www.instagram.com/p/CV3VpUvvywV/,mixedcoffeeğŸ¤®3w30 likesReply
1638143455-1435,https://www.instagram.com/imdb/,,,https://www.instagram.com/p/CV3VpUvvywV/,"imdbVerifiedğŸš¨ğŸš¨ğŸš¨ @gal_gadot, @vancityreynolds, and @therock are red hot at the LA premiere of #RedNotice.â£
â£
ğŸ“¸: Amy Sussman/Getty Images3w"
1638143455-1441,https://www.instagram.com/imdb/,,,https://www.instagram.com/p/CV3VpUvvywV/,"scars.gamesIs she done kiIIing women , children and civilians in Palestine ???3w39 likesReply"
1638143455-1443,https://www.instagram.com/imdb/,,,https://www.instagram.com/p/CV3VpUvvywV/,_sarialtin_ğŸ‡µğŸ‡¸3w14 likesReply
1638143455-1442,https://www.instagram.com/imdb/,,,https://www.instagram.com/p/CV3VpUvvywV/,"arnaudsprengerNotice in the fourth photo how  Dwayne's arm is around Gal, but his hand is not touching her hip. It looks unnatural. This is what the #metoo craze has brought about, I guess.3wReply"
1638143455-1446,https://www.instagram.com/imdb/,,,https://www.instagram.com/p/CV3VpUvvywV/,sandeep_bhajanThese 3 Are incredible â¤ï¸3w3 likesReply
1638143455-1438,https://www.instagram.com/imdb/,,,https://www.instagram.com/p/CV3VpUvvywV/,stephenhonnanThe movie is terrible3w50 likesReply
1638143455-1439,https://www.instagram.com/imdb/,,,https://www.instagram.com/p/CV3VpUvvywV/,layan__shaikhAnother shitty movie3w55 likesReply
1638143457-1449,https://www.instagram.com/imdb/,,,https://www.instagram.com/p/CV3fKF6MDnf/,thenexttomI love these imdb videos. Salma is a legend.3w22 likesReply
1638143457-1453,https://www.instagram.com/imdb/,,,https://www.instagram.com/p/CV3fKF6MDnf/,ryanthomasjericShe was so good in House of Gucci ğŸ™Œ3wReply
1638143457-1460,https://www.instagram.com/imdb/,,,https://www.instagram.com/p/CV3fKF6MDnf/,arupchakroborty596Are you well1wReply
1638143457-1458,https://www.instagram.com/imdb/,,,https://www.instagram.com/p/CV3fKF6MDnf/,candygreenartSheâ€™s awesome :) you know Iâ€™m 34 cause I still use that word.3w1 likeReply
1638143457-1459,https://www.instagram.com/imdb/,,,https://www.instagram.com/p/CV3fKF6MDnf/,thesihnnerSalma also played Dominican activist Minerva Mirabal in the early 2000s2w1 likeReply
1638143457-1454,https://www.instagram.com/imdb/,,,https://www.instagram.com/p/CV3fKF6MDnf/,henryknightfireSo happy... It went well...3w5 likesReply
1638143457-1452,https://www.instagram.com/imdb/,,,https://www.instagram.com/p/CV3fKF6MDnf/,"melodic_alBeautiful and very symphatic as an actress, as a woman. :)1dReply"
1638143457-1448,https://www.instagram.com/imdb/,,,https://www.instagram.com/p/CV3fKF6MDnf/,"imdbVerifiedHow Well Does @salmahayek Know Her IMDb Page?

Which fast-food commercial did #SalmaHayek star in? We quiz the #Eternals star on how well she knows her IMDb page.3w"
1638143457-1457,https://www.instagram.com/imdb/,,,https://www.instagram.com/p/CV3fKF6MDnf/,chellegutaGorgeous !!!ğŸ˜ğŸ˜ğŸ˜3w1 likeReply
1638143457-1456,https://www.instagram.com/imdb/,,,https://www.instagram.com/p/CV3fKF6MDnf/,arupchakroborty596Very thank you so much1wReply
1638143457-1451,https://www.instagram.com/imdb/,,,https://www.instagram.com/p/CV3fKF6MDnf/,delozier5815ğŸ˜˜3w57 likesReply
1638143457-1450,https://www.instagram.com/imdb/,,,https://www.instagram.com/p/CV3fKF6MDnf/,canadablack4uForever a goddess ğŸ”¥ğŸ™Œ3w16 likesReply
1638143457-1455,https://www.instagram.com/imdb/,,,https://www.instagram.com/p/CV3fKF6MDnf/,mariakyrmaJust Frida...I love it3w4 likesReply
1638143459-1464,https://www.instagram.com/imdb/,,,https://www.instagram.com/p/CV3yiYKly3Z/,polixkleinInterstellar and Dallas Buyers Club3w5 likesReply
1638143459-1466,https://www.instagram.com/imdb/,,,https://www.instagram.com/p/CV3yiYKly3Z/,radovic404True detective3w6 likesReply
1638143459-1461,https://www.instagram.com/imdb/,,,https://www.instagram.com/p/CV3yiYKly3Z/,"imdbVerifiedAlright, alright, alright it's #MatthewMcConaughey's birthday! ğŸ‚ From #DazedAndConfused to #TheGentlemen, which of his roles is your favorite? ğŸ¤ 3w"
1638143459-1469,https://www.instagram.com/imdb/,,,https://www.instagram.com/p/CV3yiYKly3Z/,rajmohil008Cooper & Cohle is my all time favourite ! ğŸ™Œ3w2 likesReply
1638143459-1468,https://www.instagram.com/imdb/,,,https://www.instagram.com/p/CV3yiYKly3Z/,munevvriskenderÄ°nterstellar ğŸ‘ğŸ”¥ğŸ˜±3w2 likesReply
1638143459-1465,https://www.instagram.com/imdb/,,,https://www.instagram.com/p/CV3yiYKly3Z/,"alekevpRust Cohle, True Detective. Brilliant performance.3w6 likesReply"
1638143459-1473,https://www.instagram.com/imdb/,,,https://www.instagram.com/p/CV3yiYKly3Z/,logomehdi_ebTrue Detective3w7 likesReply
1638143459-1471,https://www.instagram.com/imdb/,,,https://www.instagram.com/p/CV3yiYKly3Z/,ripublicationğŸ˜ğŸ˜ğŸ˜ğŸ˜ i loved3wReply
1638143459-1463,https://www.instagram.com/imdb/,,,https://www.instagram.com/p/CV3yiYKly3Z/,pouyand7Interstellar ğŸ”¥3w9 likesReply
1638143459-1470,https://www.instagram.com/imdb/,,,https://www.instagram.com/p/CV3yiYKly3Z/,gabimostro8Dallas...ğŸ‘ğŸ‘ğŸ‘ğŸ‘ğŸ‘ğŸ‘3wReply
1638143459-1462,https://www.instagram.com/imdb/,,,https://www.instagram.com/p/CV3yiYKly3Z/,d_a_e_lllWatched #thegentlemen last night and LOVED every minute. Heâ€™s got the skills ğŸ¤©3wReply
1638143459-1472,https://www.instagram.com/imdb/,,,https://www.instagram.com/p/CV3yiYKly3Z/,natnatallaganHow to lose a guy and INTERSTELLAR FOSHOâ¤ï¸â¤ï¸â¤ï¸â¤ï¸3wReply
1638143459-1467,https://www.instagram.com/imdb/,,,https://www.instagram.com/p/CV3yiYKly3Z/,whydy2669â¤ï¸â¤ï¸ğŸ‘ğŸ˜ğŸ‘ğŸ˜ğŸ”¥ğŸ”¥ğŸ˜I love him3wReply
1638143462-1475,https://www.instagram.com/imdb/,,,https://www.instagram.com/p/CV5xnxhtB_F/,laya.hassaniBeneath this mask there is more than flesh. Beneath this mask thereâ€™s idea Mr. Creedy and ideas are bulletproof.3w173 likesReply
1638143462-1477,https://www.instagram.com/imdb/,,,https://www.instagram.com/p/CV5xnxhtB_F/,juliankenstiChristmas is a very important holiday3w130 likesReply
1638143462-1480,https://www.instagram.com/imdb/,,,https://www.instagram.com/p/CV5xnxhtB_F/,arizzyooIdeas are bulletproof â¤ï¸3w25 likesReply
1638143462-1483,https://www.instagram.com/imdb/,,,https://www.instagram.com/p/CV5xnxhtB_F/,tim_81_Best movie ever!3w5 likesReply
1638143462-1481,https://www.instagram.com/imdb/,,,https://www.instagram.com/p/CV5xnxhtB_F/,yasna_xazanMy favorite movie. My anthem3w16 likesReply
1638143462-1484,https://www.instagram.com/imdb/,,,https://www.instagram.com/p/CV5xnxhtB_F/,i_am_batman._Every DC Movie After 2000 Is A Masterpiece.3w3 likesReply
1638143462-1486,https://www.instagram.com/imdb/,,,https://www.instagram.com/p/CV5xnxhtB_F/,mhf.19The gunpowder treason and plot. I know of no reason why should have the gunpowder treason ever be forgot.3w26 likesReply
1638143462-1476,https://www.instagram.com/imdb/,,,https://www.instagram.com/p/CV5xnxhtB_F/,reyhanphotographerWoooow this #moveis wonderful . I see3wReply
1638143462-1485,https://www.instagram.com/imdb/,,,https://www.instagram.com/p/CV5xnxhtB_F/,ocean._.filmØ´Ø§Ù‡Ú©Ø§Ø± ğŸ˜3w6 likesReply
1638143462-1478,https://www.instagram.com/imdb/,,,https://www.instagram.com/p/CV5xnxhtB_F/,kaushikhandiqueA masterpiece! â¤ï¸3w38 likesReply
1638143462-1474,https://www.instagram.com/imdb/,,,https://www.instagram.com/p/CV5xnxhtB_F/,"imdbVerifiedRemember, remember, the fifth of November... ğŸŒ¹ 

What's your favorite moment from #VForVendetta?3w"
1638143462-1482,https://www.instagram.com/imdb/,,,https://www.instagram.com/p/CV5xnxhtB_F/,mahavir.sharmaThe domino tumbling scene ğŸ”¥3w13 likesReply
1638143462-1479,https://www.instagram.com/imdb/,,,https://www.instagram.com/p/CV5xnxhtB_F/,cindy18miltonsyriaâ˜€3w135 likesReply
1638143464-1490,https://www.instagram.com/imdb/,,,https://www.instagram.com/p/CV6BcsAFDBX/,carito_siscoOnly lovers left aliveâ¤ï¸3w5 likesReply
1638143464-1497,https://www.instagram.com/imdb/,,,https://www.instagram.com/p/CV6BcsAFDBX/,insatiable.womanLove her. So versatileâ¤ï¸â¤ï¸â¤ï¸Blessed Birthday!2wReply
1638143464-1487,https://www.instagram.com/imdb/,,,https://www.instagram.com/p/CV6BcsAFDBX/,"imdbVerifiedHappy Birthday, #TildaSwinton! ğŸ‘‘ From #WeNeedToTalkAboutKevin to #Suspiria, which of Tildaâ€™s 98 acting credits is your favorite?3w"
1638143464-1489,https://www.instagram.com/imdb/,,,https://www.instagram.com/p/CV6BcsAFDBX/,andre_kairouzOne of the best actresses of our generation .. happiest of birthdays !3w38 likesReply
1638143464-1499,https://www.instagram.com/imdb/,,,https://www.instagram.com/p/CV6BcsAFDBX/,larkspur01Orlando.3w3 likesReply
1638143464-1488,https://www.instagram.com/imdb/,,,https://www.instagram.com/p/CV6BcsAFDBX/,adithyan_b5HBD #tildaswinton â¤ï¸ğŸ”¥3wReply
1638143464-1495,https://www.instagram.com/imdb/,,,https://www.instagram.com/p/CV6BcsAFDBX/,mehrafarin.tavakoliIt's Sam Rockwell birthday too! No HBD for Academy award winner? ğŸ¤¦ğŸ»â€â™€ï¸3w1 likeReply
1638143464-1494,https://www.instagram.com/imdb/,,,https://www.instagram.com/p/CV6BcsAFDBX/,tarkantireliWHAT AN ICON!!!3w6 likesReply
1638143464-1496,https://www.instagram.com/imdb/,,,https://www.instagram.com/p/CV6BcsAFDBX/,realcarolusrex_Gorgeous!!! A pleasure to watch!!! ğŸ‘ğŸ‘ğŸ‘3w2 likesReply
1638143464-1498,https://www.instagram.com/imdb/,,,https://www.instagram.com/p/CV6BcsAFDBX/,11000crimsonğŸ‘ğŸ‘ğŸ‘ powerful stuff ...3wReply
1638143464-1493,https://www.instagram.com/imdb/,,,https://www.instagram.com/p/CV6BcsAFDBX/,"guillemancandyTilda is the greatest ğŸ‘ Chameleon lady, it's hard to pick one but I'd choose her dramatic turn in ""We need to talk about Kevin"".3w12 likesReply"
1638143464-1492,https://www.instagram.com/imdb/,,,https://www.instagram.com/p/CV6BcsAFDBX/,morimori0328Constantine!!3w12 likesReply
1638143464-1491,https://www.instagram.com/imdb/,,,https://www.instagram.com/p/CV6BcsAFDBX/,tonightsentertainmentsQueenâ„ï¸3w2 likesReply
1638143466-1511,https://www.instagram.com/imdb/,,,https://www.instagram.com/p/CV8MSEUJWkn/,ehsanvizvizHappy birthday ğŸˆğŸ‰ğŸ‰ğŸˆğŸˆğŸ‰ğŸ‰ğŸ‰ğŸˆğŸ‰ğŸ‰ welcome to earth Emma ! ğŸ†ğŸ‰ğŸŠğŸ‚ğŸğŸ’ğŸ’•ğŸ’—ğŸ’3wReply
1638143466-1509,https://www.instagram.com/imdb/,,,https://www.instagram.com/p/CV8MSEUJWkn/,tired_ampersand_retiredCruella3w8 likesReply
1638143466-1508,https://www.instagram.com/imdb/,,,https://www.instagram.com/p/CV8MSEUJWkn/,islaxueaaaworld's best pic3w154 likesReply
1638143466-1505,https://www.instagram.com/imdb/,,,https://www.instagram.com/p/CV8MSEUJWkn/,dottaxilhornitalianoğŸ˜‚3w111 likesReply
1638143466-1512,https://www.instagram.com/imdb/,,,https://www.instagram.com/p/CV8MSEUJWkn/,altamash.kazi.12Cruella ğŸ‘3w3 likesReply
1638143466-1503,https://www.instagram.com/imdb/,,,https://www.instagram.com/p/CV8MSEUJWkn/,"pms2500She is amazing is everything she does. Love, Love her3w8 likesReply"
1638143466-1507,https://www.instagram.com/imdb/,,,https://www.instagram.com/p/CV8MSEUJWkn/,amirrhoseinn__The best female actor of the decadeğŸ”¥ğŸ™Œ3w11 likesReply
1638143466-1500,https://www.instagram.com/imdb/,,,https://www.instagram.com/p/CV8MSEUJWkn/,"imdbVerifiedHappy Birthday to this pocketful of sunshine. â˜€ï¸ From #EasyA to #LaLaLand, which of #EmmaStoneâ€™s performances is your favorite?3w"
1638143466-1501,https://www.instagram.com/imdb/,,,https://www.instagram.com/p/CV8MSEUJWkn/,carlitoffffShe was most amazing in Maniac imo3w8 likesReply
1638143466-1506,https://www.instagram.com/imdb/,,,https://www.instagram.com/p/CV8MSEUJWkn/,emiliahamalitiaobserveğŸ¶3w63 likesReply
1638143466-1504,https://www.instagram.com/imdb/,,,https://www.instagram.com/p/CV8MSEUJWkn/,yappiechan014ğŸ™ƒWowğŸ˜Š3w164 likesReply
1638143466-1510,https://www.instagram.com/imdb/,,,https://www.instagram.com/p/CV8MSEUJWkn/,torreslopezaFelicidades guapÃ­sima. Os amo. ğŸ˜ğŸ‘1wReply
1638143466-1502,https://www.instagram.com/imdb/,,,https://www.instagram.com/p/CV8MSEUJWkn/,_lilyjacobsBattle of the sexes is one of my favorites from her! Super underrated3w10 likesReply
1638143468-1522,https://www.instagram.com/imdb/,,,https://www.instagram.com/p/CV8gLb2BZGP/,"priscillayanalscousins, and so on3w143 likesReply"
1638143468-1521,https://www.instagram.com/imdb/,,,https://www.instagram.com/p/CV8gLb2BZGP/,aishaa5905LOVE IT3w1 likeReply
1638143468-1514,https://www.instagram.com/imdb/,,,https://www.instagram.com/p/CV8gLb2BZGP/,1pamecakesGreat movie3w2 likesReply
1638143468-1516,https://www.instagram.com/imdb/,,,https://www.instagram.com/p/CV8gLb2BZGP/,bryan.stahlJust watched The Harder They Fall and it was absolutely fantastic. The cast we're all awesome.3w3 likesReply
1638143468-1517,https://www.instagram.com/imdb/,,,https://www.instagram.com/p/CV8gLb2BZGP/,ab.dvl_Jeymesâ€™ passion is admirable3w4 likesReply
1638143468-1525,https://www.instagram.com/imdb/,,,https://www.instagram.com/p/CV8gLb2BZGP/,mrs_r0binsonGreat movie... and a great cast!2wReply
1638143468-1520,https://www.instagram.com/imdb/,,,https://www.instagram.com/p/CV8gLb2BZGP/,"jwjuryReally enjoyed this movie, they took pieces of classic westerns and added into one aswell with their own style3w1 likeReply"
1638143468-1515,https://www.instagram.com/imdb/,,,https://www.instagram.com/p/CV8gLb2BZGP/,"thatsjustkeyaraMan I cried, laughed and was shocked. This is gonna be a classic in history.3w3 likesReply"
1638143468-1513,https://www.instagram.com/imdb/,,,https://www.instagram.com/p/CV8gLb2BZGP/,"imdbVerifiedâ€˜The Harder They Fallâ€™ Director Compares Cast to the Avengers

@idriselba, @iamreginaking,  #JonathanMajors, and @zaziebeetz chat about starring in #JeymesSamuel's directorial debut, #TheHarderTheyFall.3w"
1638143468-1523,https://www.instagram.com/imdb/,,,https://www.instagram.com/p/CV8gLb2BZGP/,abdul263_khannWhere da monke?2wReply
1638143468-1524,https://www.instagram.com/imdb/,,,https://www.instagram.com/p/CV8gLb2BZGP/,vonderweide21A rough ride.3wReply
1638143468-1519,https://www.instagram.com/imdb/,,,https://www.instagram.com/p/CV8gLb2BZGP/,"pcsfx1Film was ğŸ’©ğŸ’©ğŸ’©, couldnâ€™t watch past 30 minutes ğŸ‘ğŸ¼3wReply"
1638143468-1518,https://www.instagram.com/imdb/,,,https://www.instagram.com/p/CV8gLb2BZGP/,fatal_This ish was ğŸ”¥ğŸ”¥ğŸ”¥!2wReply
1638143476-1558,https://www.instagram.com/imdb/,,,https://www.instagram.com/p/CV__EK-FsLJ/,thiccmac_ur telling me we could get two gyllenhaals but only one fanning????2w22 likesReply
1638143476-1561,https://www.instagram.com/imdb/,,,https://www.instagram.com/p/CV__EK-FsLJ/,yul_adnnice to see celebrities dressed appropriately for the occasion.2w10 likesReply
1638143476-1562,https://www.instagram.com/imdb/,,,https://www.instagram.com/p/CV__EK-FsLJ/,cillymoebiusMaggie and Jake â¤ï¸â¤ï¸â¤ï¸2w9 likesReply
1638143476-1559,https://www.instagram.com/imdb/,,,https://www.instagram.com/p/CV__EK-FsLJ/,graceholt428They all look INCREDIBLE and that movie looks KILLERğŸ˜ğŸ˜ğŸ˜ğŸ˜ğŸ˜ğŸ˜ğŸ˜ğŸ˜ğŸ˜ğŸ˜ğŸ˜ğŸ˜ğŸ˜ğŸ˜ğŸ˜ğŸ˜ğŸ˜ğŸ˜ğŸ˜ğŸ˜ğŸ˜ğŸ˜ğŸ˜ğŸ˜ğŸ˜ğŸ˜ğŸ˜2wReply
1638143476-1560,https://www.instagram.com/imdb/,,,https://www.instagram.com/p/CV__EK-FsLJ/,zil_a_anwarOk you to admit that these pictures are Awesome ğŸ˜ğŸ‘ğŸ‘2w10 likesReply
1638143476-1564,https://www.instagram.com/imdb/,,,https://www.instagram.com/p/CV__EK-FsLJ/,the_max_imusBenedict Cumberbatch looking handsome2w5 likesReply
1638143476-1552,https://www.instagram.com/imdb/,,,https://www.instagram.com/p/CV__EK-FsLJ/,imdbVerifiedThe stars came out in style to celebrate @lacmaâ€™s 2021 Art+Film Gala presented by @gucci âœ¨2w
1638143476-1556,https://www.instagram.com/imdb/,,,https://www.instagram.com/p/CV__EK-FsLJ/,helixfeebleonlineMeth Damon?2w8 likesReply
1638143476-1554,https://www.instagram.com/imdb/,,,https://www.instagram.com/p/CV__EK-FsLJ/,paramitawTwo of Korean best actors here ğŸ˜2w52 likesReply
1638143476-1557,https://www.instagram.com/imdb/,,,https://www.instagram.com/p/CV__EK-FsLJ/,naive_melody3Jesse Plemmons is going through his Brendan Fraser stage of life2w9 likesReply
1638143476-1563,https://www.instagram.com/imdb/,,,https://www.instagram.com/p/CV__EK-FsLJ/,rey_han_gol06Who is with Kirsten Dunst?2wReply
1638143476-1553,https://www.instagram.com/imdb/,,,https://www.instagram.com/p/CV__EK-FsLJ/,elitojeortpriority â¤ï¸2w153 likesReply
1638143476-1555,https://www.instagram.com/imdb/,,,https://www.instagram.com/p/CV__EK-FsLJ/,"deryayasar1983We love the Gyllenhaal family, they are very successful ğŸ’•2w23 likesReply"
1638143473-1551,https://www.instagram.com/imdb/,,,https://www.instagram.com/p/CV_gb7aBngk/,jony_aguilaI think my favorite project of this year2w3 likesReply
1638143473-1544,https://www.instagram.com/imdb/,,,https://www.instagram.com/p/CV_gb7aBngk/,h.sj.mclainMy burning question is why does this movie suck so fucking much3w21 likesReply
1638143473-1541,https://www.instagram.com/imdb/,,,https://www.instagram.com/p/CV_gb7aBngk/,"albert_wolliverI loved the film, simple as that.2w5 likesReply"
1638143473-1548,https://www.instagram.com/imdb/,,,https://www.instagram.com/p/CV_gb7aBngk/,le_vincent_le_vraiThatâ€™s not cinemaâ€¦2w7 likesReply
1638143473-1550,https://www.instagram.com/imdb/,,,https://www.instagram.com/p/CV_gb7aBngk/,tonygiordano__angie is hotâ€¦.but overrated2w4 likesReply
1638143473-1540,https://www.instagram.com/imdb/,,,https://www.instagram.com/p/CV_gb7aBngk/,"amaryllis.barbosaThis was such a cute interview! Great movie, they did amazing3w8 likesReply"
1638143473-1539,https://www.instagram.com/imdb/,,,https://www.instagram.com/p/CV_gb7aBngk/,"imdbVerifiedThe @eternals Cast Answers Your Burning QuestionsğŸ”¥

Which Eternal has the best superpower? ğŸ’« Who was the funniest person on set? ğŸ˜‚ The stars of #Eternals answer all your burning questions. 

@angelinajolie @kumailn @laurenridloff @donlee @liaryanmchugh @chloezhao3w"
1638143473-1542,https://www.instagram.com/imdb/,,,https://www.instagram.com/p/CV_gb7aBngk/,wamegnigosh i love these segments â¤3w1 likeReply
1638143473-1547,https://www.instagram.com/imdb/,,,https://www.instagram.com/p/CV_gb7aBngk/,lucaszaquiniWhat a cast! What a direction! In love with them all â¤ï¸â¤ï¸â¤ï¸â¤ï¸â¤ï¸2w1 likeReply
1638143473-1543,https://www.instagram.com/imdb/,,,https://www.instagram.com/p/CV_gb7aBngk/,stepmothersamanda13ï¸ğŸ’«playing3w109 likesReply
1638143473-1549,https://www.instagram.com/imdb/,,,https://www.instagram.com/p/CV_gb7aBngk/,malmanqurWasted my time on this movie3w15 likesReply
1638143473-1546,https://www.instagram.com/imdb/,,,https://www.instagram.com/p/CV_gb7aBngk/,cinephilia1Itâ€™s unbelievable how bad this film is2w15 likesReply
1638143473-1545,https://www.instagram.com/imdb/,,,https://www.instagram.com/p/CV_gb7aBngk/,"natalia.in.neverlandThat movie was so bad, I canâ€™t ğŸ˜¢2w6 likesReply"
1638143404-1160,https://www.instagram.com/imdb/,,,https://www.instagram.com/p/CVbSrWDvy78/,darlin_amakaThe trailer was more intriguing than the actual movie. Movie wasn't bad but the hype was overstated. Hopefully the second installment is better.5w239 likesReply
1638143404-1165,https://www.instagram.com/imdb/,,,https://www.instagram.com/p/CVbSrWDvy78/,"federico_cataVisually it was amazing, but the story was kind of slow. The book must be better. I think I'll give it a read.5w104 likesReply"
1638143404-1158,https://www.instagram.com/imdb/,,,https://www.instagram.com/p/CVbSrWDvy78/,aman.hmalikWhoever complains didnâ€™t understand the movie before watching and loves to complain5w366 likesReply
1638143404-1155,https://www.instagram.com/imdb/,,,https://www.instagram.com/p/CVbSrWDvy78/,"eadesigns13Beautiful film. The cinematography, art direction, acting, score, everything was superb! Can't wait for part 2 ğŸ™ŒğŸ¾5w760 likesReply"
1638143404-1162,https://www.instagram.com/imdb/,,,https://www.instagram.com/p/CVbSrWDvy78/,"avni_gohilNo world build, No Character Build up. Iâ€™ll leave it here.5w117 likesReply"
1638143404-1157,https://www.instagram.com/imdb/,,,https://www.instagram.com/p/CVbSrWDvy78/,"chackaryAbsolutely, it exceeded it5w484 likesReply"
1638143404-1156,https://www.instagram.com/imdb/,,,https://www.instagram.com/p/CVbSrWDvy78/,novembermoon80I need Dune 2 ASAP5w656 likesReply
1638143404-1159,https://www.instagram.com/imdb/,,,https://www.instagram.com/p/CVbSrWDvy78/,danieldabbasThis movie is incredible! This movie is experience!5w435 likesReply
1638143404-1154,https://www.instagram.com/imdb/,,,https://www.instagram.com/p/CVbSrWDvy78/,imdbVerifiedDoes #Dune live up to the hype? ğŸ”¥Share your spoiler-free review with us below ğŸ‘‡5w
1638143404-1161,https://www.instagram.com/imdb/,,,https://www.instagram.com/p/CVbSrWDvy78/,cacsoleItâ€™s amazing 10/10 Iâ€™m watching it again ASAP5w240 likesReply
1638143404-1166,https://www.instagram.com/imdb/,,,https://www.instagram.com/p/CVbSrWDvy78/,therealstanleylaneYes5w58 likesReply
1638143404-1164,https://www.instagram.com/imdb/,,,https://www.instagram.com/p/CVbSrWDvy78/,rupesh.k.lI've read the book before watching it and it's an almost perfect adaptation5w129 likesReply
1638143404-1163,https://www.instagram.com/imdb/,,,https://www.instagram.com/p/CVbSrWDvy78/,"a.l.f.e.u.s.j.rWhatup with pple saying it was epic.. the movie was boring and long, i almost slept watching it,. Wast of two hours, the trailer lied i thought it was going to be ğŸ”¥.. but nah, i will never rewatch it5w32 likesReply"
1638143406-1175,https://www.instagram.com/imdb/,,,https://www.instagram.com/p/CVbmWx0Pt2b/,paramitawFinally Chloe Zhao in style ğŸ˜ I can't wait to see her work in this movie!4w15 likesReply
1638143406-1176,https://www.instagram.com/imdb/,,,https://www.instagram.com/p/CVbmWx0Pt2b/,tracynurzynskiGoodnessâ€¦so many beautiful people4w21 likesReply
1638143406-1170,https://www.instagram.com/imdb/,,,https://www.instagram.com/p/CVbmWx0Pt2b/,justcallmeshan_Gemma and Madden look so good together ğŸ˜wow4w73 likesReply
1638143406-1168,https://www.instagram.com/imdb/,,,https://www.instagram.com/p/CVbmWx0Pt2b/,"movienightjournalWait, both John Snow AND Rob Stark are in it? Lawd, I hope I can see past that ğŸ˜‚4w112 likesReply"
1638143406-1172,https://www.instagram.com/imdb/,,,https://www.instagram.com/p/CVbmWx0Pt2b/,"imax8989Iâ€™m glad that this is going to be the most divisive MCU film; it just makes for more interesting conversation. In my eyes, ChloÃ© Zhao has a such a beautiful vision and an elite filmmaker. Canâ€™t wait to watch this.4w39 likesReply"
1638143406-1169,https://www.instagram.com/imdb/,,,https://www.instagram.com/p/CVbmWx0Pt2b/,khimbhurleeI miss John Snow and Rob Starkâ¤ï¸ğŸ”¥ğŸ‘ğŸ‘4w72 likesReply
1638143406-1179,https://www.instagram.com/imdb/,,,https://www.instagram.com/p/CVbmWx0Pt2b/,indiehifiJolie â¤ï¸4w6 likesReply
1638143406-1171,https://www.instagram.com/imdb/,,,https://www.instagram.com/p/CVbmWx0Pt2b/,nessywillisOmg Gemma Chan is just stunning4w50 likesReply
1638143406-1177,https://www.instagram.com/imdb/,,,https://www.instagram.com/p/CVbmWx0Pt2b/,stephfermin7Angelina ğŸ˜ğŸ”¥â¤ï¸4w9 likesReply
1638143406-1167,https://www.instagram.com/imdb/,,,https://www.instagram.com/p/CVbmWx0Pt2b/,imdbVerifiedThe #Eternals take on the Eternal City âœ¨ğŸ› #RomeFF164w
1638143406-1173,https://www.instagram.com/imdb/,,,https://www.instagram.com/p/CVbmWx0Pt2b/,iamrjadnanmy AngelinağŸ˜˜ğŸ˜˜ğŸ˜˜ğŸ”¥ğŸ˜â¤ï¸4w10 likesReply
1638143406-1174,https://www.instagram.com/imdb/,,,https://www.instagram.com/p/CVbmWx0Pt2b/,"amirreza._.msvGuys,When this movie streaming?4wReply"
1638143406-1178,https://www.instagram.com/imdb/,,,https://www.instagram.com/p/CVbmWx0Pt2b/,beggybucknerUgh so nice to see the starks alive4w8 likesReply
1638143413-1207,https://www.instagram.com/imdb/,,,https://www.instagram.com/p/CVg4CdyIUe5/,illiuminationcinemaCloud Atlas is incredibly underrated. It takes a lot of patience and skill to be able to blend stories from multiple timelines together the way the Wachowskis did.4w177 likesReply
1638143413-1214,https://www.instagram.com/imdb/,,,https://www.instagram.com/p/CVg4CdyIUe5/,enderlarrealIncredibly underrated. This is an all time classic! â¤ï¸4w25 likesReply
1638143413-1209,https://www.instagram.com/imdb/,,,https://www.instagram.com/p/CVg4CdyIUe5/,lady_acbOne of my all time favorite moviesğŸ¿4w61 likesReply
1638143413-1217,https://www.instagram.com/imdb/,,,https://www.instagram.com/p/CVg4CdyIUe5/,lucaenricofantini_dpI walked out of the theater4w12 likesReply
1638143413-1208,https://www.instagram.com/imdb/,,,https://www.instagram.com/p/CVg4CdyIUe5/,doctorsalvatoreThis movie was misunderstood and totally underated4w170 likesReply
1638143413-1210,https://www.instagram.com/imdb/,,,https://www.instagram.com/p/CVg4CdyIUe5/,peterspix_Fantastic film and book ğŸ˜¢â¤ï¸ğŸ™ŒğŸ”¥4w47 likesReply
1638143413-1215,https://www.instagram.com/imdb/,,,https://www.instagram.com/p/CVg4CdyIUe5/,"ryutaf_This movie is phenomenal and should be recognized more! love the backstory that Natalie Portman was reading the original novel while on the set of ""V for Vendetta"" and that's how the Wachowskis knew about this story. And, creating this movie probably leaded them to make ""Sense 8,"" which is also amazing.4w20 likesReply"
1638143413-1218,https://www.instagram.com/imdb/,,,https://www.instagram.com/p/CVg4CdyIUe5/,cody_u13â­â­â­â­â­ My #1 movie of the 2010s decade.4w9 likesReply
1638143413-1216,https://www.instagram.com/imdb/,,,https://www.instagram.com/p/CVg4CdyIUe5/,"brave0229/10, excellent  movie, really deep4w12 likesReply"
1638143413-1206,https://www.instagram.com/imdb/,,,https://www.instagram.com/p/CVg4CdyIUe5/,"imdbVerified""Our lives and our choices, like quantum trajectories, are understood moment to moment. At each point of intersection, each encounter suggests a new potential direction."" How would you rate #CloudAtlas (2012)? â˜ï¸âœ¨4w"
1638143413-1213,https://www.instagram.com/imdb/,,,https://www.instagram.com/p/CVg4CdyIUe5/,cris_caves10/10 ğŸ”¥4w34 likesReply
1638143413-1211,https://www.instagram.com/imdb/,,,https://www.instagram.com/p/CVg4CdyIUe5/,axelovSoundtrackâ€™s great4w40 likesReply
1638143413-1212,https://www.instagram.com/imdb/,,,https://www.instagram.com/p/CVg4CdyIUe5/,_moniquecolemanVerifiedOne of my favorites4w36 likesReply
1638143408-1182,https://www.instagram.com/imdb/,,,https://www.instagram.com/p/CVgFuv5Ae12/,imnotdidilofskaThey used to say coming on cinemas December 10th and now itâ€™s coming on Netflix ğŸ¤¦ğŸ»â€â™€ï¸4w18 likesReply
1638143408-1188,https://www.instagram.com/imdb/,,,https://www.instagram.com/p/CVgFuv5Ae12/,cnu_nethaaSandra! â¤4w5 likesReply
1638143408-1189,https://www.instagram.com/imdb/,,,https://www.instagram.com/p/CVgFuv5Ae12/,baris.celikkolReturn Of the Bullock ğŸ‰â˜„ğŸ”¥ğŸ’¯ #sandrabullock4w6 likesReply
1638143408-1184,https://www.instagram.com/imdb/,,,https://www.instagram.com/p/CVgFuv5Ae12/,wiibii11Viola slay all her roleğŸ‘ğŸ‘ğŸ˜1wReply
1638143408-1181,https://www.instagram.com/imdb/,,,https://www.instagram.com/p/CVgFuv5Ae12/,aouregengilynorethree4w55 likesReply
1638143408-1186,https://www.instagram.com/imdb/,,,https://www.instagram.com/p/CVgFuv5Ae12/,trailrunner61Looks like fun! ğŸ˜‚4w1 likeReply
1638143408-1191,https://www.instagram.com/imdb/,,,https://www.instagram.com/p/CVgFuv5Ae12/,ruccismusingsAnother Oscar for Sandra & Viola4w4 likesReply
1638143408-1190,https://www.instagram.com/imdb/,,,https://www.instagram.com/p/CVgFuv5Ae12/,saeid.r.ztØ§Ø³Ù… Ø§ÛŒÙ† ÙÛŒÙ„Ù…Ù‡ Ú†ÛŒÙ‡??4w1 likeReply
1638143408-1185,https://www.instagram.com/imdb/,,,https://www.instagram.com/p/CVgFuv5Ae12/,"scenedreamsincredible cast in this one, looking forward to it!4w10 likesReply"
1638143408-1180,https://www.instagram.com/imdb/,,,https://www.instagram.com/p/CVgFuv5Ae12/,"imdbVerified'The Unforgivable' Official Trailer

No one walks free of their past. #SandraBullock and @ViolaDavis star in the new trailer for #TheUnforgivable, coming to @Netflix Dec. 10.4w"
1638143408-1183,https://www.instagram.com/imdb/,,,https://www.instagram.com/p/CVgFuv5Ae12/,"theresa_b_19Looking Forward To This ğŸ™ŒğŸ™ŒğŸ™ŒğŸ™ŒMovie ğŸ¥!! Netflix, You Rock! GReat Actors, OMG, Canâ€™t Wait!!ğŸ™ŒğŸ™ŒğŸ™ŒğŸ™ŒğŸ™ŒğŸ™ŒğŸ‘ğŸ‘ğŸ‘ğŸ”¥4w1 likeReply"
1638143408-1187,https://www.instagram.com/imdb/,,,https://www.instagram.com/p/CVgFuv5Ae12/,teamm4mSo she canâ€™t see her grown sister?4w1 likeReply
1638143408-1192,https://www.instagram.com/imdb/,,,https://www.instagram.com/p/CVgFuv5Ae12/,ghazaleayaziLovely sandrağŸ˜â¤ï¸â¤ï¸â¤ï¸4w2 likesReply
1638143410-1203,https://www.instagram.com/imdb/,,,https://www.instagram.com/p/CVgU-rvP5bH/,alfred_mediağŸ˜ğŸ˜ğŸ˜4w1 likeReply
1638143410-1193,https://www.instagram.com/imdb/,,,https://www.instagram.com/p/CVgU-rvP5bH/,"imdbVerifiedLast Night in LA âœ¨ @anyataylorjoy, @thomasin.mckenzie, and @edgarwright reunited for the premiere of their new film #LastNightInSoho. â£
â£
ğŸ“¸: @gettyimages / @focusfeatures4w"
1638143410-1194,https://www.instagram.com/imdb/,,,https://www.instagram.com/p/CVgU-rvP5bH/,imdbVerified#AnyaTaylorJoy #ThomasinMcKenzie #EdgarWright4w2 likesReply
1638143410-1199,https://www.instagram.com/imdb/,,,https://www.instagram.com/p/CVgU-rvP5bH/,roberto.d.floresLas empanadas4w5 likesReply
1638143410-1196,https://www.instagram.com/imdb/,,,https://www.instagram.com/p/CVgU-rvP5bH/,zil_a_anwarPrincesses ğŸ˜ğŸ˜4w5 likesReply
1638143410-1205,https://www.instagram.com/imdb/,,,https://www.instagram.com/p/CVgU-rvP5bH/,myaelisabethofficialSuch a beauty and talent4w1 likeReply
1638143410-1200,https://www.instagram.com/imdb/,,,https://www.instagram.com/p/CVgU-rvP5bH/,chaseh804Fantastic actresses.4w5 likesReply
1638143410-1198,https://www.instagram.com/imdb/,,,https://www.instagram.com/p/CVgU-rvP5bH/,jojesss48attendğŸº4w37 likesReply
1638143410-1197,https://www.instagram.com/imdb/,,,https://www.instagram.com/p/CVgU-rvP5bH/,shaunyhodge.syl81Damn Anya Taylor Joy is so damn beautiful ğŸ˜4w26 likesReply
1638143410-1202,https://www.instagram.com/imdb/,,,https://www.instagram.com/p/CVgU-rvP5bH/,marcosvs.valadaoğŸ˜ğŸ˜ğŸ˜4w1 likeReply
1638143410-1195,https://www.instagram.com/imdb/,,,https://www.instagram.com/p/CVgU-rvP5bH/,lilyjamesstyleWow Thomasin ğŸ˜âœ¨4w17 likesReply
1638143410-1201,https://www.instagram.com/imdb/,,,https://www.instagram.com/p/CVgU-rvP5bH/,ranaimran_khğŸ˜ğŸ˜ğŸ˜ğŸ˜â¤ï¸4w1 likeReply
1638143410-1204,https://www.instagram.com/imdb/,,,https://www.instagram.com/p/CVgU-rvP5bH/,palomafeviğŸ˜ğŸ˜ğŸ˜4w1 likeReply
1638143415-1227,https://www.instagram.com/imdb/,,,https://www.instagram.com/p/CViiulRF9zx/,dtalks2020Wow ğŸ”¥ğŸ”¥ğŸ”¥ğŸ”¥waiting so badlyâ€¦ hope this one will be good and worth the waitâ¤ï¸4w1 likeReply
1638143415-1228,https://www.instagram.com/imdb/,,,https://www.instagram.com/p/CViiulRF9zx/,cactus_trailerØ¹Ø§Ù„ÛŒğŸ”¥4wReply
1638143415-1220,https://www.instagram.com/imdb/,,,https://www.instagram.com/p/CViiulRF9zx/,jvi.10Man this looks so generic4w24 likesReply
1638143415-1231,https://www.instagram.com/imdb/,,,https://www.instagram.com/p/CViiulRF9zx/,jess._no_.less.. Love Daniel Henney... Can't wait...4wReply
1638143415-1226,https://www.instagram.com/imdb/,,,https://www.instagram.com/p/CViiulRF9zx/,a.l.a.n.j.a.m.e.sWitcher + LOTR4wReply
1638143415-1225,https://www.instagram.com/imdb/,,,https://www.instagram.com/p/CViiulRF9zx/,goowsonIs this the Robert Jordan wheel of time?4wReply
1638143415-1224,https://www.instagram.com/imdb/,,,https://www.instagram.com/p/CViiulRF9zx/,"j.j_memoriesâ¤ï¸â¤ï¸ everything has meaning,  why and when are very intriguing for this film.4w2 likesReply"
1638143415-1222,https://www.instagram.com/imdb/,,,https://www.instagram.com/p/CViiulRF9zx/,photogeaiWas there colored people back then? Treated as equals? Even reigning? Or is this another Hollywood pushed bs4w1 likeReply
1638143415-1229,https://www.instagram.com/imdb/,,,https://www.instagram.com/p/CViiulRF9zx/,tboneforyouKeep getting this mixed up with A Wrinkle in Time which was dreadful live action. I gotta say this looks pretty basic though.4wReply
1638143415-1230,https://www.instagram.com/imdb/,,,https://www.instagram.com/p/CViiulRF9zx/,cinevoyageusesCan't wait to see this movie! â¤ï¸4wReply
1638143415-1221,https://www.instagram.com/imdb/,,,https://www.instagram.com/p/CViiulRF9zx/,kirti_mis3ğŸ˜±ğŸ˜±ğŸ˜± I can't wait! I've read all the books ğŸ”¥ğŸ”¥ğŸ”¥ğŸ”¥4w3 likesReply
1638143415-1219,https://www.instagram.com/imdb/,,,https://www.instagram.com/p/CViiulRF9zx/,imdbVerifiedThe Dark One is waking... Watch @mspike in the epic new trailer for #TheWheelOfTime. ğŸ”¥4w
1638143415-1223,https://www.instagram.com/imdb/,,,https://www.instagram.com/p/CViiulRF9zx/,"fe_ctsI like this kind of movie, but the trailer is too long, giving too much of the plot.4w7 likesReply"
1638143417-1240,https://www.instagram.com/imdb/,,,https://www.instagram.com/p/CVjEzkfhPHX/,a_random_student_28i have always seen western movies with white people and that cool western accent and acting.... now i can't imagine all black and this accent.. ğŸ˜”... Netflix crossed the line this timeğŸ˜’ğŸ˜’4w1 likeReply
1638143417-1239,https://www.instagram.com/imdb/,,,https://www.instagram.com/p/CVjEzkfhPHX/,movies_territoryğŸ”¥4wReply
1638143417-1243,https://www.instagram.com/imdb/,,,https://www.instagram.com/p/CVjEzkfhPHX/,tvserial10Ø§Ú¯Ø± Ø¨Ù‡ Ø¯Ù†Ø¨Ø§Ù„ ÙÛŒÙ„Ù… Ùˆ Ø³Ø±ÛŒØ§Ù„ Ø¬Ø°Ø§Ø¨ Ùˆ Ø®Ø§Øµ Ù‡Ø³ØªÛŒ Ù¾ÛŒØ¬ Ù…Ø±Ø§ Ø¯Ù†Ø¨Ø§Ù„ Ú©Ù†ÛŒØ¯â¤ï¸ğŸ˜âœŒï¸4wReply
1638143417-1235,https://www.instagram.com/imdb/,,,https://www.instagram.com/p/CVjEzkfhPHX/,3ora8â¤ï¸4wReply
1638143417-1237,https://www.instagram.com/imdb/,,,https://www.instagram.com/p/CVjEzkfhPHX/,thatmoodlistCan't wait! Some seriously good content there.4wReply
1638143417-1236,https://www.instagram.com/imdb/,,,https://www.instagram.com/p/CVjEzkfhPHX/,eli.a_m_h_fØ§Ø³Ù…Ø´ Ú†ÛŒÙ‡ Ø®ÙˆØ¨ ÙØ§Ø±Ø³ÛŒ Ù‡Ù… Ø¨Ú¯ÛŒÙ†4wReply
1638143417-1232,https://www.instagram.com/imdb/,,,https://www.instagram.com/p/CVjEzkfhPHX/,"imdbVerifiedMost Anticipated TV Shows & Movies to Stream in November

From #TheHarderTheyFall to #Hawkeye, November is packed with new movies and TV series guaranteed to take you on an adventure.4w"
1638143417-1238,https://www.instagram.com/imdb/,,,https://www.instagram.com/p/CVjEzkfhPHX/,iranian_film_imdbğŸ’¯4wReply
1638143417-1242,https://www.instagram.com/imdb/,,,https://www.instagram.com/p/CVjEzkfhPHX/,spmsupunMeh4wReply
1638143417-1233,https://www.instagram.com/imdb/,,,https://www.instagram.com/p/CVjEzkfhPHX/,allenjay62What about dexter4w2 likesReply
1638143417-1234,https://www.instagram.com/imdb/,,,https://www.instagram.com/p/CVjEzkfhPHX/,alomar0877ğŸ‘ğŸ»ğŸ‘ŒğŸ»âœŒğŸ»ğŸ‘‹ğŸ»ğŸ‘ğŸ»ğŸ‘ğŸ»ğŸ‘ğŸ»ğŸ‘ğŸ»ğŸ‘ğŸ»ğŸ‘ğŸ»ğŸ‘ğŸ»ğŸ‘ğŸ»4wReply
1638143417-1241,https://www.instagram.com/imdb/,,,https://www.instagram.com/p/CVjEzkfhPHX/,"harlantime77Omg I enjoyed this video so much THANK YOU IMDB, I feel like a kid reading a TV guide in the nineties. ğŸ˜ğŸ˜¢ğŸ˜ƒğŸ˜4wReply"
1638143420-1246,https://www.instagram.com/imdb/,,,https://www.instagram.com/p/CVk7FpMpXhU/,tahsinsultana28Herâ¤ï¸â¤ï¸â¤ï¸4w5 likesReply
1638143420-1252,https://www.instagram.com/imdb/,,,https://www.instagram.com/p/CVk7FpMpXhU/,"wlcm2.horrorwoodWhile â€œJokerâ€ is an obvious choice, I particularly loved his villainy as Commodus in â€œGladiatorâ€.4w3 likesReply"
1638143420-1249,https://www.instagram.com/imdb/,,,https://www.instagram.com/p/CVk7FpMpXhU/,mrtls369Incredible actor ğŸ‘ğŸ‘ğŸ‘ğŸ‘4w1 likeReply
1638143420-1247,https://www.instagram.com/imdb/,,,https://www.instagram.com/p/CVk7FpMpXhU/,nicolas.teslaaaThe Master ğŸ™Œ4w9 likesReply
1638143420-1245,https://www.instagram.com/imdb/,,,https://www.instagram.com/p/CVk7FpMpXhU/,eva.vacaflorPhenomenal actorğŸ™ŒğŸ¼4w19 likesReply
1638143420-1251,https://www.instagram.com/imdb/,,,https://www.instagram.com/p/CVk7FpMpXhU/,al_bauschi42Walk the Line is still his best! ğŸ”¥4w2 likesReply
1638143420-1248,https://www.instagram.com/imdb/,,,https://www.instagram.com/p/CVk7FpMpXhU/,abbasghazaliVerifiedğŸ™Œ4w7 likesReply
1638143420-1255,https://www.instagram.com/imdb/,,,https://www.instagram.com/p/CVk7FpMpXhU/,stop_hacking_my_shitSuch a talented manğŸ”¥4w3 likesReply
1638143420-1254,https://www.instagram.com/imdb/,,,https://www.instagram.com/p/CVk7FpMpXhU/,d3v4rajHER â¤ï¸4w3 likesReply
1638143420-1256,https://www.instagram.com/imdb/,,,https://www.instagram.com/p/CVk7FpMpXhU/,namashi_chakrabortyVerifiedHeâ€™s Astounding. HBD JP4w2 likesReply
1638143420-1250,https://www.instagram.com/imdb/,,,https://www.instagram.com/p/CVk7FpMpXhU/,"g1x84Joker , her . Itâ€™s my favorite roles3wReply"
1638143420-1253,https://www.instagram.com/imdb/,,,https://www.instagram.com/p/CVk7FpMpXhU/,jphoenixupdatesAll his roles are our favourite ğŸ¤©4w3 likesReply
1638143420-1244,https://www.instagram.com/imdb/,,,https://www.instagram.com/p/CVk7FpMpXhU/,"imdbVerifiedFrom #WalkTheLine to #JokerMovie, we celebrate #JoaquinPhoenix's eclectic acting career on his birthday. Which role is your favorite?4w"
1638143422-1264,https://www.instagram.com/imdb/,,,https://www.instagram.com/p/CVlRmzrNJbm/,saeedb.eghbalSounds great ğŸ”¥4w1 likeReply
1638143422-1257,https://www.instagram.com/imdb/,,,https://www.instagram.com/p/CVlRmzrNJbm/,"imdbVerified'House of Gucci' Official Trailer

""They had it all: wealth, style, power. Who wouldn't kill for that?"" @LadyGaga shines in the second official trailer for #HouseOfGucci, starring Adam Driver, @JaredLeto, and @SalmaHayek. Coming only to theaters Nov. 24.4w"
1638143422-1261,https://www.instagram.com/imdb/,,,https://www.instagram.com/p/CVlRmzrNJbm/,smellygucciSo excitedğŸ”¥4wReply
1638143422-1262,https://www.instagram.com/imdb/,,,https://www.instagram.com/p/CVlRmzrNJbm/,amimama_xxCanâ€™t wait. ğŸ¥³ğŸ¥³ğŸ¥³4wReply
1638143422-1258,https://www.instagram.com/imdb/,,,https://www.instagram.com/p/CVlRmzrNJbm/,mehmetonurkeklikcii believe i watched the whole movie here4w27 likesReply
1638143422-1268,https://www.instagram.com/imdb/,,,https://www.instagram.com/p/CVlRmzrNJbm/,millazeredoLovely soundtrack4wReply
1638143422-1265,https://www.instagram.com/imdb/,,,https://www.instagram.com/p/CVlRmzrNJbm/,alomar0877ğŸ˜®ğŸ‘ğŸ»ğŸ‘ŒğŸ»âœŒğŸ»ğŸ‘‹ğŸ»ğŸ‘ğŸ»ğŸ‘ğŸ»ğŸ‘ğŸ»ğŸ‘ğŸ»ğŸ‘ğŸ»ğŸ‘ğŸ»4wReply
1638143422-1263,https://www.instagram.com/imdb/,,,https://www.instagram.com/p/CVlRmzrNJbm/,thespideyladyShheesssh ğŸ”¥ğŸ”¥ğŸ”¥4w2 likesReply
1638143422-1259,https://www.instagram.com/imdb/,,,https://www.instagram.com/p/CVlRmzrNJbm/,mustapha.amuriThe other actors and actresses are ok but im not sure of Lady Gaga she only had one good role and nothing more4wReply
1638143422-1267,https://www.instagram.com/imdb/,,,https://www.instagram.com/p/CVlRmzrNJbm/,nyquist92ğŸ‘ğŸ½ğŸ‘ğŸ½ğŸ‘ğŸ½ğŸ‘ğŸ½ğŸ‘ğŸ½ğŸ˜ğŸ˜ like theste fuckinhg stars.  My god I  am so excited ğŸ˜±!!!!4w1 likeReply
1638143422-1260,https://www.instagram.com/imdb/,,,https://www.instagram.com/p/CVlRmzrNJbm/,aytenanlAdam Driver ğŸ”¥â¤ï¸â¤ï¸â¤ï¸â¤ï¸4wReply
1638143422-1266,https://www.instagram.com/imdb/,,,https://www.instagram.com/p/CVlRmzrNJbm/,tanya__kostikI like Lady Gaga here! ğŸ¤©ğŸ”¥4wReply
1638143422-1269,https://www.instagram.com/imdb/,,,https://www.instagram.com/p/CVlRmzrNJbm/,movies_territoryVoooğŸ”¥4wReply
1638143424-1282,https://www.instagram.com/imdb/,,,https://www.instagram.com/p/CVnaFDmJot6/,oddoriBeen reading/rereading these books since â€˜91 & truly can not wait to see this series! âš”ï¸â˜¯ï¸4w1 likeReply
1638143424-1280,https://www.instagram.com/imdb/,,,https://www.instagram.com/p/CVnaFDmJot6/,maxxkii.officialVerifiedomg yes4w4 likesReply
1638143424-1271,https://www.instagram.com/imdb/,,,https://www.instagram.com/p/CVnaFDmJot6/,amazonprimevideoVerifiedall signs point to an extraordinary time ğŸ”®4w13 likesReply
1638143424-1275,https://www.instagram.com/imdb/,,,https://www.instagram.com/p/CVnaFDmJot6/,"penev.kirilThey just didnt read the book, i suppose. ğŸ˜‚ğŸ¤£4w12 likesReply"
1638143424-1273,https://www.instagram.com/imdb/,,,https://www.instagram.com/p/CVnaFDmJot6/,jameskerr75ğŸ”¥ğŸ”¥ğŸ”¥4w5 likesReply
1638143424-1277,https://www.instagram.com/imdb/,,,https://www.instagram.com/p/CVnaFDmJot6/,"toontjeruttenIf they do this right, it could be better than Games of Thrones ğŸ˜»ğŸ˜»ğŸ˜»ğŸ˜»4w2 likesReply"
1638143424-1276,https://www.instagram.com/imdb/,,,https://www.instagram.com/p/CVnaFDmJot6/,movies.shmoviesLet's hope it's not a letdown like The Foundation.4w5 likesReply
1638143424-1272,https://www.instagram.com/imdb/,,,https://www.instagram.com/p/CVnaFDmJot6/,"acexanderNever heard of it before, just watched the trailer and liked it.4w10 likesReply"
1638143424-1274,https://www.instagram.com/imdb/,,,https://www.instagram.com/p/CVnaFDmJot6/,ayyyy_aaanHad me at Rosamund Pike..4w13 likesReply
1638143424-1270,https://www.instagram.com/imdb/,,,https://www.instagram.com/p/CVnaFDmJot6/,"imdbVerifiedMeet the characters of #TheWheelOfTime. The adventure begins November 19th. âœ¨â£â£
â£â£
Moiraine. The mysterious Aes Sedai.â£â£
Lan. The stoic Warder.â£â£
Nynaeve. The stubborn Wisdom.â£â£
Rand. The reluctant farmboy.â£â£
Egwene. The gifted protÃ©gÃ©.â£â£
Perrin. The careful blacksmith.â£â£
Mat. The wry scoundrel.4w"
1638143424-1279,https://www.instagram.com/imdb/,,,https://www.instagram.com/p/CVnaFDmJot6/,sinslangCoolness4wReply
1638143424-1281,https://www.instagram.com/imdb/,,,https://www.instagram.com/p/CVnaFDmJot6/,messitheologianIâ€™m so scared itâ€™s gong to be terrible.4w5 likesReply
1638143424-1278,https://www.instagram.com/imdb/,,,https://www.instagram.com/p/CVnaFDmJot6/,primevideoaunzVerifiedAre you ready for the ultimate journey?4wReply
1638143426-1286,https://www.instagram.com/imdb/,,,https://www.instagram.com/p/CVneXF3NmgW/,"jack_reacher2020Wow, so great, wonderful show. ğŸ”¥ğŸ”¥4wReply"
1638143426-1289,https://www.instagram.com/imdb/,,,https://www.instagram.com/p/CVneXF3NmgW/,thomasthenigengineBreaking Bad Season 6 and ill but a Subscription3wReply
1638143426-1294,https://www.instagram.com/imdb/,,,https://www.instagram.com/p/CVneXF3NmgW/,mhdiadavi8Ú©Ø³ÛŒ Ù…ÛŒØ¯ÙˆÙ†Ù‡ ÙØµÙ„ Ø¯ÙˆØ´ Ú©ÛŒ Ù…ÛŒØ§Ø¯3wReply
1638143426-1293,https://www.instagram.com/imdb/,,,https://www.instagram.com/p/CVneXF3NmgW/,tarik_bensFinally.. After how long? Shiiit4wReply
1638143426-1295,https://www.instagram.com/imdb/,,,https://www.instagram.com/p/CVneXF3NmgW/,hpl_oldboyThe leshen introduction.....ğŸ¤Ÿ4w1 likeReply
1638143426-1283,https://www.instagram.com/imdb/,,,https://www.instagram.com/p/CVneXF3NmgW/,"imdbVerified@witchernetflix Season 2 Official Trailer âš”ï¸

Destiny is a beast. Watch the new trailer for #TheWitcher Season 2, premiering globally on December 17th.4w"
1638143426-1285,https://www.instagram.com/imdb/,,,https://www.instagram.com/p/CVneXF3NmgW/,ripublicationÙ¾Ø®Ø´ Ø´Ùˆ Ø¯ÛŒÚ¯Ù‡ ØµØ¨Ø±Ù…ÙˆÙ† Ø³Ø± Ø§ÙˆÙ…Ø¯ğŸ˜‘ğŸ˜‘ğŸ˜‘4w1 likeReply
1638143426-1288,https://www.instagram.com/imdb/,,,https://www.instagram.com/p/CVneXF3NmgW/,___ibragimovv___Name please? Name?3wReply
1638143426-1291,https://www.instagram.com/imdb/,,,https://www.instagram.com/p/CVneXF3NmgW/,mohsinkh123WhaoğŸ”¥4wReply
1638143426-1292,https://www.instagram.com/imdb/,,,https://www.instagram.com/p/CVneXF3NmgW/,chetindemirBad trailer..3wReply
1638143426-1290,https://www.instagram.com/imdb/,,,https://www.instagram.com/p/CVneXF3NmgW/,silent__royWaitingğŸ”¥4wReply
1638143426-1287,https://www.instagram.com/imdb/,,,https://www.instagram.com/p/CVneXF3NmgW/,guillemancandyHow cool is this ğŸ‘ğŸ‘4w1 likeReply
1638143426-1284,https://www.instagram.com/imdb/,,,https://www.instagram.com/p/CVneXF3NmgW/,ya.si4629Ø§Ø³Ù… ÙÛŒÙ„Ù…Ø´ Ú†ÛŒÙ‡ØŸ4w2 likesReply
1638143429-1303,https://www.instagram.com/imdb/,,,https://www.instagram.com/p/CVnvfE6Nca5/,jojesss51remedyğŸŒ·4w151 likesReply
1638143429-1297,https://www.instagram.com/imdb/,,,https://www.instagram.com/p/CVnvfE6Nca5/,vlaseesHereditary should be up there among the greatest4w232 likesReply
1638143429-1302,https://www.instagram.com/imdb/,,,https://www.instagram.com/p/CVnvfE6Nca5/,"jayofthedeadThatâ€™s cool and all, but The Thing (1982) is the greatest horror film ever made.4w45 likesReply"
1638143429-1308,https://www.instagram.com/imdb/,,,https://www.instagram.com/p/CVnvfE6Nca5/,norrish84Shining doesn't deserve to be on here4w7 likesReply
1638143429-1305,https://www.instagram.com/imdb/,,,https://www.instagram.com/p/CVnvfE6Nca5/,robby_thikkSeen all five and loved all of them!4w57 likesReply
1638143429-1296,https://www.instagram.com/imdb/,,,https://www.instagram.com/p/CVnvfE6Nca5/,imdbVerifiedIn the mood for some scary good classics? ğŸ‘» Here are the highest-rated horror films of all time on IMDb. What are your favorite films to watch during #Halloween?4w
1638143429-1304,https://www.instagram.com/imdb/,,,https://www.instagram.com/p/CVnvfE6Nca5/,"horror_universe_1.Â The Silence of the Lambs 8.6
2. Psycho 8.5
3. The Shining 8.4
4. Alien 8.4
5. Aliens 8.3
6. The Thing 8.1
7. The Sixth Scene 8.1
8. The Exorcist 8.0
9. Rosemary's Baby 8.0
10. Jaws 8.04w34 likesReply"
1638143429-1301,https://www.instagram.com/imdb/,,,https://www.instagram.com/p/CVnvfE6Nca5/,mr.neo_prestonWhereâ€™s John Carpenterâ€™s â€œThe Thingâ€?4w75 likesReply
1638143429-1300,https://www.instagram.com/imdb/,,,https://www.instagram.com/p/CVnvfE6Nca5/,mariabomdiaIs Alien a horror movie? Really?4w23 likesReply
1638143429-1298,https://www.instagram.com/imdb/,,,https://www.instagram.com/p/CVnvfE6Nca5/,jordangoldberg3The others is criminally underrated!4w158 likesReply
1638143429-1307,https://www.instagram.com/imdb/,,,https://www.instagram.com/p/CVnvfE6Nca5/,pipa.ferreroHereditary4w37 likesReply
1638143429-1299,https://www.instagram.com/imdb/,,,https://www.instagram.com/p/CVnvfE6Nca5/,ederfarrelExorcist will be forever the GOAT of horror movies4w93 likesReply
1638143429-1306,https://www.instagram.com/imdb/,,,https://www.instagram.com/p/CVnvfE6Nca5/,anuar_abu_zarinAsian horror movies are always overlooked.4w16 likesReply
1638143431-1312,https://www.instagram.com/imdb/,,,https://www.instagram.com/p/CVoEIxSLQ-y/,vitoskijThomasin is so lovelyâ£ï¸4w6 likesReply
1638143431-1311,https://www.instagram.com/imdb/,,,https://www.instagram.com/p/CVoEIxSLQ-y/,imdbVerified#EdgarWright #ThomasinMcKenzie #KrystyWilsonCairns4w2 likesReply
1638143431-1314,https://www.instagram.com/imdb/,,,https://www.instagram.com/p/CVoEIxSLQ-y/,diegorezğŸ˜‚ğŸ˜‚ğŸ˜‚4wReply
1638143431-1317,https://www.instagram.com/imdb/,,,https://www.instagram.com/p/CVoEIxSLQ-y/,gringgo_21_Howeeee scary are you3wReply
1638143431-1310,https://www.instagram.com/imdb/,,,https://www.instagram.com/p/CVoEIxSLQ-y/,sujitchaudhary74Can't wait ğŸ‘4w2 likesReply
1638143431-1309,https://www.instagram.com/imdb/,,,https://www.instagram.com/p/CVoEIxSLQ-y/,"imdbVerified@edgarwright, @thomasin.mckenzie and @krystycairns Ask Each Other Anything

The @lastnightinsohomovie director, star, and co-screenwriter reveal what they stole from set and who looks like a pint of Guinness. ğŸº #LastNightInSoho4w"
1638143431-1315,https://www.instagram.com/imdb/,,,https://www.instagram.com/p/CVoEIxSLQ-y/,qnawafpShe is pretty4w2 likesReply
1638143431-1313,https://www.instagram.com/imdb/,,,https://www.instagram.com/p/CVoEIxSLQ-y/,dear.filmmakersIf you want to learn about film or read some interesting takes on cinema take a  look at my page!4wReply
1638143431-1316,https://www.instagram.com/imdb/,,,https://www.instagram.com/p/CVoEIxSLQ-y/,nova_avakianğŸ˜3wReply
1638143434-1327,https://www.instagram.com/imdb/,,,https://www.instagram.com/p/CVqYOEtvgh9/,kp826Killing Eve. Always Killing Eve.4w45 likesReply
1638143434-1323,https://www.instagram.com/imdb/,,,https://www.instagram.com/p/CVqYOEtvgh9/,kristinacoolish#KillingEve â™¾4w2 likesReply
1638143434-1320,https://www.instagram.com/imdb/,,,https://www.instagram.com/p/CVqYOEtvgh9/,prolelolI love how Dexter isnâ€™t on the list â€“ it needs to be!4w36 likesReply
1638143434-1329,https://www.instagram.com/imdb/,,,https://www.instagram.com/p/CVqYOEtvgh9/,shilpanandiI have watched them allâ€¦. They are all amazingâ€¦Killing Eve is my fav tho4w8 likesReply
1638143434-1330,https://www.instagram.com/imdb/,,,https://www.instagram.com/p/CVqYOEtvgh9/,vanessapadlaLove Killing Eve and Youâ¤ï¸ Iâ€™d also add The Killing and Broadchurch4w8 likesReply
1638143434-1318,https://www.instagram.com/imdb/,,,https://www.instagram.com/p/CVqYOEtvgh9/,imdbVerifiedWe have some recommendations for #You. ğŸ§¢ Check out other bingeable crime shows to watch next. ğŸ‘€ What are your picks?4w
1638143434-1322,https://www.instagram.com/imdb/,,,https://www.instagram.com/p/CVqYOEtvgh9/,sunblesssedThe Fall is a masterpiece.4w54 likesReply
1638143434-1324,https://www.instagram.com/imdb/,,,https://www.instagram.com/p/CVqYOEtvgh9/,donenglish.sanafaOnly #you... ğŸ”¥â¤ï¸4wReply
1638143434-1319,https://www.instagram.com/imdb/,,,https://www.instagram.com/p/CVqYOEtvgh9/,imdbVerified#YouNetflix4w19 likesReply
1638143434-1326,https://www.instagram.com/imdb/,,,https://www.instagram.com/p/CVqYOEtvgh9/,hamza.qaiserAll suggestions are actually much better than You.4w31 likesReply
1638143434-1321,https://www.instagram.com/imdb/,,,https://www.instagram.com/p/CVqYOEtvgh9/,esmeraldaramos2919#YOU for sure ğŸ™ŒğŸ™Œ on #netflix4wReply
1638143434-1328,https://www.instagram.com/imdb/,,,https://www.instagram.com/p/CVqYOEtvgh9/,luis_altgeltFargo ğŸ™Œ4w21 likesReply
1638143434-1325,https://www.instagram.com/imdb/,,,https://www.instagram.com/p/CVqYOEtvgh9/,gabsmxltiFINALLY THE FALL GETTING THE RECOGNITION IT DESERVES4w38 likesReply
1638143436-1335,https://www.instagram.com/imdb/,,,https://www.instagram.com/p/CVqrmdxlvTY/,"kavaismAwfull movie, only enjoyed watching the bad actors die. The plot was basically, Michael walks home from the last movie. Worthless cash grab4w3 likesReply"
1638143436-1331,https://www.instagram.com/imdb/,,,https://www.instagram.com/p/CVqrmdxlvTY/,"imdbVerifiedWhatâ€™s Halloween without #MichaelMyers? ğŸƒ From #Halloween (1978) to #HalloweenKillsÂ (2021), we look back at all 12 films in this slasher franchise. Which one is your favorite?4w"
1638143436-1343,https://www.instagram.com/imdb/,,,https://www.instagram.com/p/CVqrmdxlvTY/,kemalshahJohn Carpenters music ğŸ‘ŒğŸ» â€¦â€¦. ğŸ‘€4wReply
1638143436-1342,https://www.instagram.com/imdb/,,,https://www.instagram.com/p/CVqrmdxlvTY/,ivanildopereirajrIs there other besides 1978's? ğŸ˜‚4w1 likeReply
1638143436-1332,https://www.instagram.com/imdb/,,,https://www.instagram.com/p/CVqrmdxlvTY/,lg16spears42#Halloween2 (1981)4wReply
1638143436-1339,https://www.instagram.com/imdb/,,,https://www.instagram.com/p/CVqrmdxlvTY/,manegacisseThis movie was ğŸ”¥ğŸ”¥ğŸ”¥ğŸ”¥ğŸ˜®3wReply
1638143436-1337,https://www.instagram.com/imdb/,,,https://www.instagram.com/p/CVqrmdxlvTY/,"austinblaine22Letâ€™s be real, Dr. Loomis is the star in these movies.4w4 likesReply"
1638143436-1334,https://www.instagram.com/imdb/,,,https://www.instagram.com/p/CVqrmdxlvTY/,katienicksxNever trust anyone who doesnâ€™t pick the first one. ğŸ˜‚4w11 likesReply
1638143436-1341,https://www.instagram.com/imdb/,,,https://www.instagram.com/p/CVqrmdxlvTY/,vipe9671EpicğŸ˜ˆğŸ’€ğŸ¤¡ğŸ‘»ğŸ‘€ğŸƒ4wReply
1638143436-1336,https://www.instagram.com/imdb/,,,https://www.instagram.com/p/CVqrmdxlvTY/,nacho710Will always be 1â€¦ never to be outdone. â¤ï¸4w8 likesReply
1638143436-1333,https://www.instagram.com/imdb/,,,https://www.instagram.com/p/CVqrmdxlvTY/,caiofranklimgvâ­nurses4w149 likesReply
1638143436-1340,https://www.instagram.com/imdb/,,,https://www.instagram.com/p/CVqrmdxlvTY/,paulettecortijo2021The one and only 1st Halloween movie is a classic and will always will be regardless of the rest that follows ğŸ‘ğŸ‘ğŸ‘ğŸƒğŸƒğŸƒğŸƒğŸƒğŸ’¯ğŸ’¯ğŸ§¡ğŸ§¡ğŸ§¡ğŸ§¡ğŸ§¡4w3 likesReply
1638143436-1338,https://www.instagram.com/imdb/,,,https://www.instagram.com/p/CVqrmdxlvTY/,yeni_rodriguez_valdesHalloween Kills really sucked.4w6 likesReply
1638143438-1354,https://www.instagram.com/imdb/,,,https://www.instagram.com/p/CVsn6KHNzek/,anuar_abu_zarinYour mum4w10 likesReply
1638143438-1346,https://www.instagram.com/imdb/,,,https://www.instagram.com/p/CVsn6KHNzek/,"luisfer_ar03""...Good job""4w152 likesReply"
1638143438-1347,https://www.instagram.com/imdb/,,,https://www.instagram.com/p/CVsn6KHNzek/,gloria15.dysonğŸ¶marijuana4w145 likesReply
1638143438-1356,https://www.instagram.com/imdb/,,,https://www.instagram.com/p/CVsn6KHNzek/,ivvnnnnnnGood job4w4 likesReply
1638143438-1344,https://www.instagram.com/imdb/,,,https://www.instagram.com/p/CVsn6KHNzek/,"imdbVerifiedFinish the quote: ""There are no two words in the English language more harmful than..."" ğŸ‘‡

ğŸ“¸: Curious Charts / @raccoon.society4w"
1638143438-1353,https://www.instagram.com/imdb/,,,https://www.instagram.com/p/CVsn6KHNzek/,rainydaywomanfrNote quite my tempo4w12 likesReply
1638143438-1348,https://www.instagram.com/imdb/,,,https://www.instagram.com/p/CVsn6KHNzek/,5timulttorso beautiful ğŸ˜ğŸ˜ğŸ”¥ğŸ”¥4w139 likesReply
1638143438-1355,https://www.instagram.com/imdb/,,,https://www.instagram.com/p/CVsn6KHNzek/,mattreese77One of my favourite films.  Good job.4w19 likesReply
1638143438-1350,https://www.instagram.com/imdb/,,,https://www.instagram.com/p/CVsn6KHNzek/,donenglish.sanafaGood jobâ¤ï¸ğŸ”¥4w24 likesReply
1638143438-1352,https://www.instagram.com/imdb/,,,https://www.instagram.com/p/CVsn6KHNzek/,ialyrzw._Bin Laden4w21 likesReply
1638143438-1351,https://www.instagram.com/imdb/,,,https://www.instagram.com/p/CVsn6KHNzek/,edithanne_gomezNot my tempo4w23 likesReply
1638143438-1349,https://www.instagram.com/imdb/,,,https://www.instagram.com/p/CVsn6KHNzek/,h3nnammGood job ğŸ¥4w34 likesReply
1638143438-1345,https://www.instagram.com/imdb/,,,https://www.instagram.com/p/CVsn6KHNzek/,gabriel_ballard00Deez nuts4w361 likesReply
1638143440-1359,https://www.instagram.com/imdb/,,,https://www.instagram.com/p/CVtRf2oPT9v/,arwurzelbs3Currently watching #johncarpentersthefog4w1 likeReply
1638143440-1365,https://www.instagram.com/imdb/,,,https://www.instagram.com/p/CVtRf2oPT9v/,agent_of_insanityThe Thing â¤ï¸ğŸ”¥4w15 likesReply
1638143440-1361,https://www.instagram.com/imdb/,,,https://www.instagram.com/p/CVtRf2oPT9v/,paulojh86Iâ€™m not sure you understand what a guilty pleasure is.4w22 likesReply
1638143440-1357,https://www.instagram.com/imdb/,,,https://www.instagram.com/p/CVtRf2oPT9v/,"imdbVerifiedHappy Hallo-weekend from some of our fan-favorite guilty pleasure horror films (or TBH, not so guilty). What are you watching this Halloween? ğŸ˜±4w"
1638143440-1364,https://www.instagram.com/imdb/,,,https://www.instagram.com/p/CVtRf2oPT9v/,lalolanda401Killer clowns The best movie ever ğŸ”¥ğŸ”¥ğŸ”¥4w9 likesReply
1638143440-1369,https://www.instagram.com/imdb/,,,https://www.instagram.com/p/CVtRf2oPT9v/,henryknightfireOMG! You put Basket Case!4w5 likesReply
1638143440-1367,https://www.instagram.com/imdb/,,,https://www.instagram.com/p/CVtRf2oPT9v/,erhanulanerhanThe thing nailed it4w11 likesReply
1638143440-1358,https://www.instagram.com/imdb/,,,https://www.instagram.com/p/CVtRf2oPT9v/,universalpicturesVerifiedThe Thing! ğŸ‘¾4w76 likesReply
1638143440-1362,https://www.instagram.com/imdb/,,,https://www.instagram.com/p/CVtRf2oPT9v/,melody.70sThe evil dead ğŸ’€ best horror movie ever4w29 likesReply
1638143440-1368,https://www.instagram.com/imdb/,,,https://www.instagram.com/p/CVtRf2oPT9v/,xsandallmEasily Army of Darkness4w10 likesReply
1638143440-1366,https://www.instagram.com/imdb/,,,https://www.instagram.com/p/CVtRf2oPT9v/,"a_cardinale_13The Thing, Suspiria, Halloween.4w1 likeReply"
1638143440-1363,https://www.instagram.com/imdb/,,,https://www.instagram.com/p/CVtRf2oPT9v/,agent_of_insanityEvil dead remake was much better4w1 likeReply
1638143440-1360,https://www.instagram.com/imdb/,,,https://www.instagram.com/p/CVtRf2oPT9v/,garcilo.exeThe thing ğŸ”¥ğŸ™Œ4w23 likesReply
1638143443-1376,https://www.instagram.com/imdb/,,,https://www.instagram.com/p/CVvg7JFFnyP/,doraliyaEither thou or I or both must go with him ğŸ’”ğŸ’”ğŸ’”ğŸ’”ğŸ’”3w3 likesReply
1638143443-1381,https://www.instagram.com/imdb/,,,https://www.instagram.com/p/CVvg7JFFnyP/,valrexhepiThe fish tank scene. â¤ï¸3w1 likeReply
1638143443-1371,https://www.instagram.com/imdb/,,,https://www.instagram.com/p/CVvg7JFFnyP/,"aytalmazGas station , maybe one of the best scene of cinematography ğŸ™Œ3w9 likesReply"
1638143443-1372,https://www.instagram.com/imdb/,,,https://www.instagram.com/p/CVvg7JFFnyP/,pms2500Worst Romeo/Juliet movie EVER3w4 likesReply
1638143443-1373,https://www.instagram.com/imdb/,,,https://www.instagram.com/p/CVvg7JFFnyP/,railtmeaniğŸ‘‰ğŸ‘ŒğŸ‘‰ğŸ‘ŒğŸ‘‰ğŸ‘Œ3w29 likesReply
1638143443-1370,https://www.instagram.com/imdb/,,,https://www.instagram.com/p/CVvg7JFFnyP/,"imdbVerifiedIt's been 25 years since we fell in love with 
@bazluhrmann's #RomeoAndJuliet starring @LeonardoDiCaprio and @ClaireDanes. â¤ï¸ What's your favorite scene?3w"
1638143443-1375,https://www.instagram.com/imdb/,,,https://www.instagram.com/p/CVvg7JFFnyP/,love.wins.love2021I think whole world fell in love with Leo next year with Titanic ğŸ˜3wReply
1638143443-1380,https://www.instagram.com/imdb/,,,https://www.instagram.com/p/CVvg7JFFnyP/,m_a_r_j_aJust everything from the first gas station to the last breath â€¦ but if I have to choose one itâ€™s Romeo writing down poem with Radiohead song on â€¦ Misshapen chaos of well seeming forms. â™¥ï¸3wReply
1638143443-1382,https://www.instagram.com/imdb/,,,https://www.instagram.com/p/CVvg7JFFnyP/,classicsallthetimeI was thinking of this movie the other day!3wReply
1638143443-1379,https://www.instagram.com/imdb/,,,https://www.instagram.com/p/CVvg7JFFnyP/,"funkybabelYoung hearts , run free ğŸ˜ğŸ˜¢3wReply"
1638143443-1378,https://www.instagram.com/imdb/,,,https://www.instagram.com/p/CVvg7JFFnyP/,jamiemassicotteThe pool one1wReply
1638143443-1377,https://www.instagram.com/imdb/,,,https://www.instagram.com/p/CVvg7JFFnyP/,violasview_blogThe aquarium ğŸ ğŸ¤©ğŸ™ŒğŸ»3w1 likeReply
1638143443-1374,https://www.instagram.com/imdb/,,,https://www.instagram.com/p/CVvg7JFFnyP/,"bia_kiddoThe aquarium, the kiss in the elavator, Mercutio singing at the party, the wedding, Juliet waking up on her grave to see Romeo dead and the shooting herself. Although sad, they are amazing scenes, the directing, acting, photography, design, everything...3w8 likesReply"
1638143445-1389,https://www.instagram.com/imdb/,,,https://www.instagram.com/p/CVwIfGTvTBy/,serkantanyildiziThis is the way â¤ï¸ i want baby Yoda with the Hunter ğŸ™Œ3w1 likeReply
1638143445-1390,https://www.instagram.com/imdb/,,,https://www.instagram.com/p/CVwIfGTvTBy/,sixfivethreetooneNew Year's Eve Eve release date eh okğŸ¤”3wReply
1638143445-1394,https://www.instagram.com/imdb/,,,https://www.instagram.com/p/CVwIfGTvTBy/,geekerikiOver9000ğŸ”¥ğŸ”¥ğŸ”¥ğŸ”¥ğŸ”¥3wReply
1638143445-1391,https://www.instagram.com/imdb/,,,https://www.instagram.com/p/CVwIfGTvTBy/,itskjlhenfling100 ğŸ”¥3w1 likeReply
1638143445-1385,https://www.instagram.com/imdb/,,,https://www.instagram.com/p/CVwIfGTvTBy/,amzad_s9tistBest movie . Can get 9 ğŸ‘3w2 likesReply
1638143445-1395,https://www.instagram.com/imdb/,,,https://www.instagram.com/p/CVwIfGTvTBy/,robsn_mc_robface03w7 likesReply
1638143445-1387,https://www.instagram.com/imdb/,,,https://www.instagram.com/p/CVwIfGTvTBy/,parsiaamiri5When is Mando season 3 coming out?3w5 likesReply
1638143445-1384,https://www.instagram.com/imdb/,,,https://www.instagram.com/p/CVwIfGTvTBy/,dradesf11ğŸ”¥ğŸ”¥3w7 likesReply
1638143445-1392,https://www.instagram.com/imdb/,,,https://www.instagram.com/p/CVwIfGTvTBy/,cuculdela_luneReminded me of big bang theoryâ¤ï¸3wReply
1638143445-1388,https://www.instagram.com/imdb/,,,https://www.instagram.com/p/CVwIfGTvTBy/,itsfriendstv9 ğŸ‘€ğŸ‘ğŸ»ğŸ‘ğŸ»ğŸ‘ğŸ»3wReply
1638143445-1393,https://www.instagram.com/imdb/,,,https://www.instagram.com/p/CVwIfGTvTBy/,"arthurjohnamAgents of sheild, Disney version3wReply"
1638143445-1383,https://www.instagram.com/imdb/,,,https://www.instagram.com/p/CVwIfGTvTBy/,"imdbVerifiedRate your anticipation level ğŸ”¥ for #TheBookOfBobaFett âœ¨ from 1-10 ğŸ‘‡â£
â£
#ICYMI: Head to the link in our bio to watch the new trailer for #TheMandalorian spin-off.3w"
1638143445-1386,https://www.instagram.com/imdb/,,,https://www.instagram.com/p/CVwIfGTvTBy/,"insan_lqWait, where is the Obi-wan series with Ewan McGregor that being promised since God knows when?3w9 likesReply"
1638143447-1407,https://www.instagram.com/imdb/,,,https://www.instagram.com/p/CVx4aRwhOhQ/,virajpatel0408I am egarly waiting for watching my two favorite HERO'S ROBB STARK AND ğŸ˜ğŸ˜ğŸ˜ğŸ˜ğŸ˜ğŸ˜KIT HERIGTONğŸ˜3w3 likesReply
1638143447-1404,https://www.instagram.com/imdb/,,,https://www.instagram.com/p/CVx4aRwhOhQ/,victoria.rae.ağŸ”¥ğŸ”¥ğŸ”¥ğŸ”¥3w4 likesReply
1638143447-1408,https://www.instagram.com/imdb/,,,https://www.instagram.com/p/CVx4aRwhOhQ/,mahnaz_am1992Does richard have american accent here or it's just me?ğŸ¤¨3w3 likesReply
1638143447-1401,https://www.instagram.com/imdb/,,,https://www.instagram.com/p/CVx4aRwhOhQ/,makeupbybianncaI love them so much ğŸ¥ºğŸ¥ºğŸ’“ğŸ’“3w29 likesReply
1638143447-1397,https://www.instagram.com/imdb/,,,https://www.instagram.com/p/CVx4aRwhOhQ/,fabrizio.navarreteRichard Madden next James Bond plz ğŸ‘3w98 likesReply
1638143447-1396,https://www.instagram.com/imdb/,,,https://www.instagram.com/p/CVx4aRwhOhQ/,"imdbVerified@Eternals stars @gemmachan and @maddenrichard Ask Each Other Anything ğŸ’«

#GemmaChan and #RichardMadden chat about joining the MCU's latest superteam, making superhero sound effects, and reuniting with Kit Harington on the set of #Eternals.3w"
1638143447-1399,https://www.instagram.com/imdb/,,,https://www.instagram.com/p/CVx4aRwhOhQ/,mikewheeler1215The new best duoâ¤ï¸3w36 likesReply
1638143447-1403,https://www.instagram.com/imdb/,,,https://www.instagram.com/p/CVx4aRwhOhQ/,the_eternals_castI love this3w13 likesReply
1638143447-1406,https://www.instagram.com/imdb/,,,https://www.instagram.com/p/CVx4aRwhOhQ/,ikarismineOH MY GOD I CAN NOT STOP SMILING3w16 likesReply
1638143447-1398,https://www.instagram.com/imdb/,,,https://www.instagram.com/p/CVx4aRwhOhQ/,"anditaa.sHAHAH I CANâ€™T, BZZZZ BZZZ BZZZ PSHOOOğŸ’¨3w66 likesReply"
1638143447-1405,https://www.instagram.com/imdb/,,,https://www.instagram.com/p/CVx4aRwhOhQ/,mikewheeler1215Richard Madden making his own sound effects is too funnyğŸ˜‚3w23 likesReply
1638143447-1402,https://www.instagram.com/imdb/,,,https://www.instagram.com/p/CVx4aRwhOhQ/,m_a_r_j_aYou two are lovely! â¤ï¸3w20 likesReply
1638143447-1400,https://www.instagram.com/imdb/,,,https://www.instagram.com/p/CVx4aRwhOhQ/,ikarismineSHE SO GORGEOUS3w35 likesReply
1638143478-1575,https://www.instagram.com/imdb/,,,https://www.instagram.com/p/CWBAivytRiw/,melissa_joy_jOMG I love this movie ğŸ¥ ğŸ˜2wReply
1638143478-1572,https://www.instagram.com/imdb/,,,https://www.instagram.com/p/CWBAivytRiw/,hector.meresWonderful film2w2 likesReply
1638143478-1573,https://www.instagram.com/imdb/,,,https://www.instagram.com/p/CWBAivytRiw/,katiels77Sunrise Sunset ğŸŒ…2w1 likeReply
1638143478-1569,https://www.instagram.com/imdb/,,,https://www.instagram.com/p/CWBAivytRiw/,"guillemancandy""If a were a rich man"" ğŸµğŸ¶ is a timeless classic : 8 academy award nods and 3 wins ğŸ†ğŸ†ğŸ† Though Gene Hackman got Oscar gold, Topol won in my heart â¤ï¸ Happy 50 ğŸ”¥2w1 likeReply"
1638143478-1570,https://www.instagram.com/imdb/,,,https://www.instagram.com/p/CWBAivytRiw/,"brucegoodwin74""Tradition""2w3 likesReply"
1638143478-1568,https://www.instagram.com/imdb/,,,https://www.instagram.com/p/CWBAivytRiw/,108huberGoosebumps for all of those but Matchmaker might be my favourite â¤ï¸2w3 likesReply
1638143478-1577,https://www.instagram.com/imdb/,,,https://www.instagram.com/p/CWBAivytRiw/,mariesaddorisTo Life! and Tevyeâ€™s Dream! This is in my top 10 favorite movies to watch. Timeless. â¤ï¸2wReply
1638143478-1574,https://www.instagram.com/imdb/,,,https://www.instagram.com/p/CWBAivytRiw/,philippe_messerSunrise sunset. Great movieğŸ‘ğŸ‘2wReply
1638143478-1565,https://www.instagram.com/imdb/,,,https://www.instagram.com/p/CWBAivytRiw/,imdbVerifiedRaise a glass to the 50th anniversary of #FiddlerOnTheRoof! Whatâ€™s your favorite song? #MusicalMondays2w
1638143478-1576,https://www.instagram.com/imdb/,,,https://www.instagram.com/p/CWBAivytRiw/,stephanievfrancisLove it!2w2 likesReply
1638143478-1571,https://www.instagram.com/imdb/,,,https://www.instagram.com/p/CWBAivytRiw/,nicolas.teslaaaall time classic!2w2 likesReply
1638143478-1566,https://www.instagram.com/imdb/,,,https://www.instagram.com/p/CWBAivytRiw/,lysdoriaarno366ğŸ‘ scold2w114 likesReply
1638143478-1567,https://www.instagram.com/imdb/,,,https://www.instagram.com/p/CWBAivytRiw/,nmodelhThis was one of my very first musicals I seen love also. It was soo good. ğŸ™Œ2w4 likesReply
1638143481-1589,https://www.instagram.com/imdb/,,,https://www.instagram.com/p/CWCMWB3PkrO/,cinegeek16Daredevil Matt Murdock ğŸ‘2w37 likesReply
1638143481-1582,https://www.instagram.com/imdb/,,,https://www.instagram.com/p/CWCMWB3PkrO/,lucho_palaciosTobey Maguire ğŸ‘ğŸ‘ğŸ˜¢2w81 likesReply
1638143481-1586,https://www.instagram.com/imdb/,,,https://www.instagram.com/p/CWCMWB3PkrO/,bobo.livinskiI want Chris Pratt to voice Spiderman2w118 likesReply
1638143481-1578,https://www.instagram.com/imdb/,,,https://www.instagram.com/p/CWCMWB3PkrO/,imdbVerifiedWhich #MCU character are you hoping makes a surprise cameo in #SpiderManNoWayHome? ğŸ•¸ğŸ’«2w
1638143481-1588,https://www.instagram.com/imdb/,,,https://www.instagram.com/p/CWCMWB3PkrO/,astmvantageDaredevil2w53 likesReply
1638143481-1585,https://www.instagram.com/imdb/,,,https://www.instagram.com/p/CWCMWB3PkrO/,mohammadreza.sadTom hardy as venom ğŸ˜ğŸ”¥2w35 likesReply
1638143481-1580,https://www.instagram.com/imdb/,,,https://www.instagram.com/p/CWCMWB3PkrO/,lak__27Venom/Eddie â¤ï¸2w55 likesReply
1638143481-1579,https://www.instagram.com/imdb/,,,https://www.instagram.com/p/CWCMWB3PkrO/,mrgor.rowI just want Tobey to return.2w247 likesReply
1638143481-1584,https://www.instagram.com/imdb/,,,https://www.instagram.com/p/CWCMWB3PkrO/,twomey_is_toastBatman2w70 likesReply
1638143481-1581,https://www.instagram.com/imdb/,,,https://www.instagram.com/p/CWCMWB3PkrO/,j.a._merlin#julianalvarez2w1 likeReply
1638143481-1587,https://www.instagram.com/imdb/,,,https://www.instagram.com/p/CWCMWB3PkrO/,iamyeeezusTopher Grace as Venom ğŸ˜‚2w36 likesReply
1638143481-1590,https://www.instagram.com/imdb/,,,https://www.instagram.com/p/CWCMWB3PkrO/,marvelfanclub402Tobey And Andrew ğŸ”¥â¤ï¸2w31 likesReply
1638143481-1583,https://www.instagram.com/imdb/,,,https://www.instagram.com/p/CWCMWB3PkrO/,lukeryan05I want Andrew. Thatâ€™s it2w120 likesReply
1638143483-1603,https://www.instagram.com/imdb/,,,https://www.instagram.com/p/CWE7mdVpkeV/,"illiuminationcinemaNo matter how much I love her and all the great music and movies she is associated with, I will always chuckle at her moment on MTVâ€™s Boiling Point in 2005. ğŸ¤£2w3 likesReply"
1638143483-1599,https://www.instagram.com/imdb/,,,https://www.instagram.com/p/CWE7mdVpkeV/,shutefamilyrobinsonAre they together?2w3 likesReply
1638143483-1595,https://www.instagram.com/imdb/,,,https://www.instagram.com/p/CWE7mdVpkeV/,vince_incorvaia_777ğŸ”¥ğŸ˜ğŸ”¥ğŸ˜ğŸ”¥ğŸ˜ğŸ”¥2w2 likesReply
1638143483-1601,https://www.instagram.com/imdb/,,,https://www.instagram.com/p/CWE7mdVpkeV/,"pms2500Looks like Gag Gag is wearing a diaper. No interest in this movie. Just my thoughts, no need to send me snarky remarks2w10 likesReply"
1638143483-1598,https://www.instagram.com/imdb/,,,https://www.instagram.com/p/CWE7mdVpkeV/,jan__ethalgWhere's Al Pacino?2w16 likesReply
1638143483-1591,https://www.instagram.com/imdb/,,,https://www.instagram.com/p/CWE7mdVpkeV/,imdbVerifiedCan confirm we are fully off the deep end for these two. ğŸ’œğŸ’œ #HouseOfGucci @ladygaga2w
1638143483-1593,https://www.instagram.com/imdb/,,,https://www.instagram.com/p/CWE7mdVpkeV/,stephanievfrancisHer dress!2w33 likesReply
1638143483-1602,https://www.instagram.com/imdb/,,,https://www.instagram.com/p/CWE7mdVpkeV/,jennyfergaleanoAdam Driver es ğŸ”¥ğŸ˜2w14 likesReply
1638143483-1592,https://www.instagram.com/imdb/,,,https://www.instagram.com/p/CWE7mdVpkeV/,droffats_staffordMight be the first non marvel none sci-fi movie that Iâ€™m legit hyped for in a long timeâ€¦ Ridley Gucci Scott2w23 likesReply
1638143483-1597,https://www.instagram.com/imdb/,,,https://www.instagram.com/p/CWE7mdVpkeV/,liamhainguyenSo how many people in the room this time Gaga???? ğŸ§ğŸ§ğŸ§2w29 likesReply
1638143483-1594,https://www.instagram.com/imdb/,,,https://www.instagram.com/p/CWE7mdVpkeV/,lisaperezcAdamâ¤ï¸2w26 likesReply
1638143483-1596,https://www.instagram.com/imdb/,,,https://www.instagram.com/p/CWE7mdVpkeV/,"adangarridoThe new ""there can be a hundred people in the room""2w46 likesReply"
1638143483-1600,https://www.instagram.com/imdb/,,,https://www.instagram.com/p/CWE7mdVpkeV/,"micabeduinoWell now that Bradleyâ€™s era is over, itâ€™s Driverâ€™s time2w21 likesReply"
1638143487-1629,https://www.instagram.com/imdb/,,,https://www.instagram.com/p/CWG6SD7voSl/,zil_a_anwarğŸ‘ğŸ‘2wReply
1638143487-1627,https://www.instagram.com/imdb/,,,https://www.instagram.com/p/CWG6SD7voSl/,anuski_hâ¤ï¸2wReply
1638143487-1620,https://www.instagram.com/imdb/,,,https://www.instagram.com/p/CWG6SD7voSl/,holy_golightly68You guys rock! ğŸ™ŒğŸ”¥â¤ï¸2wReply
1638143487-1628,https://www.instagram.com/imdb/,,,https://www.instagram.com/p/CWG6SD7voSl/,marituglandâ¤ï¸2wReply
1638143487-1622,https://www.instagram.com/imdb/,,,https://www.instagram.com/p/CWG6SD7voSl/,mimi_sheila5LOVE this!!! ğŸ˜‚4dReply
1638143487-1623,https://www.instagram.com/imdb/,,,https://www.instagram.com/p/CWG6SD7voSl/,gracieluv75â¤ï¸â¤ï¸â¤ï¸love em1wReply
1638143487-1624,https://www.instagram.com/imdb/,,,https://www.instagram.com/p/CWG6SD7voSl/,gvantsaeristtaviWes Bentley â¤ï¸2wReply
1638143487-1618,https://www.instagram.com/imdb/,,,https://www.instagram.com/p/CWG6SD7voSl/,aloragarbaczQue beleza2w199 likesReply
1638143487-1625,https://www.instagram.com/imdb/,,,https://www.instagram.com/p/CWG6SD7voSl/,"mario_0891I love this show, it is so good, if this show was on Netflix, it would be a mega hit like Cobra Kai2w1 likeReply"
1638143487-1619,https://www.instagram.com/imdb/,,,https://www.instagram.com/p/CWG6SD7voSl/,hilarymacadamrsb_324ğŸ¤‘Enjoy the ride.2w10 likesReply
1638143487-1617,https://www.instagram.com/imdb/,,,https://www.instagram.com/p/CWG6SD7voSl/,"imdbVerified@colehauser22 and Wes Bentley Answer 7 Burning Questions ğŸ”¥

Which @yellowstone villain would you bring back? #ColeHauser and #WesBentley answer your burning questions and explain why @kevincostnermodernwest smells like baseball. âš¾ #YellowstoneTV2w"
1638143487-1621,https://www.instagram.com/imdb/,,,https://www.instagram.com/p/CWG6SD7voSl/,zaransiriApprÃ©ciez la baladeğŸ˜ğŸ”¥2wReply
1638143487-1626,https://www.instagram.com/imdb/,,,https://www.instagram.com/p/CWG6SD7voSl/,michelleguglielmo1â¤ï¸2wReply
1638143485-1612,https://www.instagram.com/imdb/,,,https://www.instagram.com/p/CWGfLXxFG_2/,wayne_mclovin_douglasHopefully they donâ€™t overly show Ricky as a horrible villain and Lucy the hero2w1 likeReply
1638143485-1615,https://www.instagram.com/imdb/,,,https://www.instagram.com/p/CWGfLXxFG_2/,sinema.time6ğŸ˜ğŸ˜®ğŸ˜®2wReply
1638143485-1609,https://www.instagram.com/imdb/,,,https://www.instagram.com/p/CWGfLXxFG_2/,romeromediaSo excited for this!2w1 likeReply
1638143485-1607,https://www.instagram.com/imdb/,,,https://www.instagram.com/p/CWGfLXxFG_2/,markmiremontThanks to all behind the making of this project ğŸ™ ğŸ‘ğŸ˜ğŸ‘ ğŸ˜ğŸ¤£ğŸ¥³1w1 likeReply
1638143485-1613,https://www.instagram.com/imdb/,,,https://www.instagram.com/p/CWGfLXxFG_2/,giusgan8ğŸ™ŒğŸ™ŒğŸ”¥ğŸ”¥ğŸ‘ğŸ‘2wReply
1638143485-1614,https://www.instagram.com/imdb/,,,https://www.instagram.com/p/CWGfLXxFG_2/,aysmiladyğŸ‘ğŸ‘ğŸ‘ğŸ‘2wReply
1638143485-1605,https://www.instagram.com/imdb/,,,https://www.instagram.com/p/CWGfLXxFG_2/,guillemancandyCant wait for this one ğŸ‘ Nicole is gonna get her 5th Oscar nod â¤ï¸2w3 likesReply
1638143485-1608,https://www.instagram.com/imdb/,,,https://www.instagram.com/p/CWGfLXxFG_2/,tiadetresNONONONONONONONOOOOOOOOOOOOOOOOOO ğŸ¤¦ğŸ½â€â™€ï¸2wReply
1638143485-1616,https://www.instagram.com/imdb/,,,https://www.instagram.com/p/CWGfLXxFG_2/,maximilienkenjiğŸ’ğŸ’2wReply
1638143485-1611,https://www.instagram.com/imdb/,,,https://www.instagram.com/p/CWGfLXxFG_2/,jules9.jeShould be a good watch!2wReply
1638143485-1610,https://www.instagram.com/imdb/,,,https://www.instagram.com/p/CWGfLXxFG_2/,classicsallthetimeNo no no no no2w1 likeReply
1638143485-1604,https://www.instagram.com/imdb/,,,https://www.instagram.com/p/CWGfLXxFG_2/,"imdbVerifiedA story behind one of the most influential shows of all time. @NicoleKidman and #JavierBardem star as Lucille Ball and Desi Arnaz in #BeingTheRicardos, arriving in theaters December 10 and on @AmazonPrimeVideo December 21.2w"
1638143485-1606,https://www.instagram.com/imdb/,,,https://www.instagram.com/p/CWGfLXxFG_2/,"melodic_alTwo PHEEEEENOMENAL ACTORS, this will be sensational!!!! Canâ€™t wait!!!!ğŸ˜ğŸ˜ğŸ˜1dReply"
1638143490-1641,https://www.instagram.com/imdb/,,,https://www.instagram.com/p/CWHPmaFFpMw/,itsfriendstvPLS FOLLOW ME IF YOU LOVE FRIENDS â¤ï¸2wReply
1638143490-1633,https://www.instagram.com/imdb/,,,https://www.instagram.com/p/CWHPmaFFpMw/,"naive_melody3Wow, I just watched this movie yesterday ğŸ˜‚ what timing!2w8 likesReply"
1638143490-1635,https://www.instagram.com/imdb/,,,https://www.instagram.com/p/CWHPmaFFpMw/,sherrymimyThose were the good old days where movies baffled us2w2 likesReply
1638143490-1636,https://www.instagram.com/imdb/,,,https://www.instagram.com/p/CWHPmaFFpMw/,reomatismthis is my favorite movie of all time.2wReply
1638143490-1640,https://www.instagram.com/imdb/,,,https://www.instagram.com/p/CWHPmaFFpMw/,theguitorganistClassic2wReply
1638143490-1637,https://www.instagram.com/imdb/,,,https://www.instagram.com/p/CWHPmaFFpMw/,specter81Flours!!â¤ï¸2wReply
1638143490-1634,https://www.instagram.com/imdb/,,,https://www.instagram.com/p/CWHPmaFFpMw/,sunshine2505Oh wow i saw this movie like a decade ago that i forgot about it!i do remember it funny havta watch it again xD2w2 likesReply
1638143490-1632,https://www.instagram.com/imdb/,,,https://www.instagram.com/p/CWHPmaFFpMw/,"guido_b19""I brought you flours""2w9 likesReply"
1638143490-1642,https://www.instagram.com/imdb/,,,https://www.instagram.com/p/CWHPmaFFpMw/,jempan_foiackThere are so many and a script like this is so hard to write. But the one that sets the tone of this story is when Harold becomes aware of the narrator.2wReply
1638143490-1639,https://www.instagram.com/imdb/,,,https://www.instagram.com/p/CWHPmaFFpMw/,dimvesperI havenâ€™t watched what happened in the endâ€¦can anybody tell me please?2wReply
1638143490-1630,https://www.instagram.com/imdb/,,,https://www.instagram.com/p/CWHPmaFFpMw/,"imdbVerified""You're never too old to go to space camp, dude."" ğŸš€ Today we celebrate the 15th anniversary of #StrangerThanFiction starring #WillFerrell and #EmmaThompson. What's your favorite scene?2w"
1638143490-1638,https://www.instagram.com/imdb/,,,https://www.instagram.com/p/CWHPmaFFpMw/,bobby_d_with_a_towelI've heard worse2wReply
1638143490-1631,https://www.instagram.com/imdb/,,,https://www.instagram.com/p/CWHPmaFFpMw/,prime742When he tells the author/narrator he doesn't appreciate the direction she is taking her work!2w11 likesReply
1638143492-1648,https://www.instagram.com/imdb/,,,https://www.instagram.com/p/CWIu7YWNNxU/,"flamebeing_72Titanic, Inception and The Revenant.2w9 likesReply"
1638143492-1643,https://www.instagram.com/imdb/,,,https://www.instagram.com/p/CWIu7YWNNxU/,imdbVerifiedHappy birthday to the legendary @leonardodicaprio! ğŸ‘‘ What's your favorite film performance of his?2w
1638143492-1655,https://www.instagram.com/imdb/,,,https://www.instagram.com/p/CWIu7YWNNxU/,florida__mattYou forgot The Quick and The Dead. He was great in that.2w4 likesReply
1638143492-1653,https://www.instagram.com/imdb/,,,https://www.instagram.com/p/CWIu7YWNNxU/,mynameis.smtWhat's eating Gilbert grape ğŸ‘‘â¤ï¸2w4 likesReply
1638143492-1647,https://www.instagram.com/imdb/,,,https://www.instagram.com/p/CWIu7YWNNxU/,classicsallthetimeHe is really good in everything. Also only gets better with age ğŸ˜2w17 likesReply
1638143492-1646,https://www.instagram.com/imdb/,,,https://www.instagram.com/p/CWIu7YWNNxU/,rothang_lianaThe Wolf of Wall Street2w23 likesReply
1638143492-1645,https://www.instagram.com/imdb/,,,https://www.instagram.com/p/CWIu7YWNNxU/,"violasview_blogGreat filmography indeed, but for me Romeo + Juliet and The Great Gatsby also rank among his best performances, theyâ€™re missing in this listâ€¦2w13 likesReply"
1638143492-1649,https://www.instagram.com/imdb/,,,https://www.instagram.com/p/CWIu7YWNNxU/,"ninikomaisaiaHe is the legend,his performance everywhere is perfectğŸ™Œâ¤ï¸ Happy birthday ğŸ¥°â¤ï¸2w7 likesReply"
1638143492-1644,https://www.instagram.com/imdb/,,,https://www.instagram.com/p/CWIu7YWNNxU/,roblambert34Catch Me If You Can was released in 2002. Not 1996.2w21 likesReply
1638143492-1654,https://www.instagram.com/imdb/,,,https://www.instagram.com/p/CWIu7YWNNxU/,nasser.elhashimiShutter Island.. Django2w4 likesReply
1638143492-1652,https://www.instagram.com/imdb/,,,https://www.instagram.com/p/CWIu7YWNNxU/,d1nd4Just realise Iâ€™ve watched all of these perfomances ğŸ˜ğŸ‘ğŸ˜ğŸ‘ğŸ˜ğŸ‘2w3 likesReply
1638143492-1650,https://www.instagram.com/imdb/,,,https://www.instagram.com/p/CWIu7YWNNxU/,robwhallmdCanâ€™t pick just one!2w2 likesReply
1638143492-1651,https://www.instagram.com/imdb/,,,https://www.instagram.com/p/CWIu7YWNNxU/,lordskywalkkerCatch me if you can 8.1*2w10 likesReply
1638143494-1658,https://www.instagram.com/imdb/,,,https://www.instagram.com/p/CWJDqu6NgQa/,guillemancandyTerrific movie and a bunch of nominations at the Oscars ğŸ™Œ2w27 likesReply
1638143494-1664,https://www.instagram.com/imdb/,,,https://www.instagram.com/p/CWJDqu6NgQa/,mbeci408Tag friends for chat. Im free tonightğŸ™„2w153 likesReply
1638143494-1666,https://www.instagram.com/imdb/,,,https://www.instagram.com/p/CWJDqu6NgQa/,rozinbenSecond best sci fi movie of all time2wReply
1638143494-1659,https://www.instagram.com/imdb/,,,https://www.instagram.com/p/CWJDqu6NgQa/,hedotchristiantoNoone talk about the soundtrack?? Its just perfect for the ending scene! ğŸ”¥ğŸ™Œ2w18 likesReply
1638143494-1662,https://www.instagram.com/imdb/,,,https://www.instagram.com/p/CWJDqu6NgQa/,"vultures.eyeA MASTERPIECEEEEEEE ğŸ”¥ğŸ”¥ğŸ”¥ just posted the review too, loved it!!! âœ¨âœ¨âœ¨âœ¨2w3 likesReply"
1638143494-1656,https://www.instagram.com/imdb/,,,https://www.instagram.com/p/CWJDqu6NgQa/,"imdbVerifiedIt's been ğŸ¤š years since the #Arrival of Denis Villeneuve's sci-fi masterpiece, and the cinematography is still absolutely stunning. ğŸ¥2w"
1638143494-1661,https://www.instagram.com/imdb/,,,https://www.instagram.com/p/CWJDqu6NgQa/,zhanetabyberiThis movie is amazing!2w6 likesReply
1638143494-1667,https://www.instagram.com/imdb/,,,https://www.instagram.com/p/CWJDqu6NgQa/,arlenelaqueenThis movie broke me ğŸ‘ğŸ‘ğŸ‘2w15 likesReply
1638143494-1668,https://www.instagram.com/imdb/,,,https://www.instagram.com/p/CWJDqu6NgQa/,wavy_.0fficialMovie?2wReply
1638143494-1660,https://www.instagram.com/imdb/,,,https://www.instagram.com/p/CWJDqu6NgQa/,charleyarylerĞ—oook gÑŒzeeel.2w147 likesReply
1638143494-1663,https://www.instagram.com/imdb/,,,https://www.instagram.com/p/CWJDqu6NgQa/,ryannmcelhattannHappy New Years!2w147 likesReply
1638143494-1657,https://www.instagram.com/imdb/,,,https://www.instagram.com/p/CWJDqu6NgQa/,dpatel1704One of the best SciFi movies out there2w64 likesReply
1638143494-1665,https://www.instagram.com/imdb/,,,https://www.instagram.com/p/CWJDqu6NgQa/,amyadamsphotogallerySo is Amy Adams ğŸ”¥2w18 likesReply
1638143497-1677,https://www.instagram.com/imdb/,,,https://www.instagram.com/p/CWLvRwlLgN-/,alexcabriniIâ€™m waiting for my Daughter to come home to watch this together..2wReply
1638143497-1678,https://www.instagram.com/imdb/,,,https://www.instagram.com/p/CWLvRwlLgN-/,marinzagarRED NOTICE2wReply
1638143497-1673,https://www.instagram.com/imdb/,,,https://www.instagram.com/p/CWLvRwlLgN-/,cengizergezerğŸ‘ğŸ‘ğŸ‘ğŸ‘Super1wReply
1638143497-1672,https://www.instagram.com/imdb/,,,https://www.instagram.com/p/CWLvRwlLgN-/,amberpahlerThere in his white Pontiac Heaven2w206 likesReply
1638143497-1675,https://www.instagram.com/imdb/,,,https://www.instagram.com/p/CWLvRwlLgN-/,isaachulsmeyer_circlehfitnessThis movie is shit!2w6 likesReply
1638143497-1679,https://www.instagram.com/imdb/,,,https://www.instagram.com/p/CWLvRwlLgN-/,proenzamAwesome team2wReply
1638143497-1681,https://www.instagram.com/imdb/,,,https://www.instagram.com/p/CWLvRwlLgN-/,awakened.towerHad alot of fun with this2wReply
1638143497-1680,https://www.instagram.com/imdb/,,,https://www.instagram.com/p/CWLvRwlLgN-/,william_robson_Forgettable6dReply
1638143497-1674,https://www.instagram.com/imdb/,,,https://www.instagram.com/p/CWLvRwlLgN-/,"illiuminationcinemaShazam, Wonder Woman, and Green Lantern pull off a heist together.2w1 likeReply"
1638143497-1669,https://www.instagram.com/imdb/,,,https://www.instagram.com/p/CWLvRwlLgN-/,"imdbVerified@therock, @gal_gadot, and @vancityreynolds Answer Your Burning QuestionsğŸ”¥

Who do you think is the best dancer: #DwayneJohnson, #GalGadot, or #RyanReynolds?ğŸ•ºğŸ’ƒ Watch the #RedNotice stars answer all of your burning questions.2w"
1638143497-1670,https://www.instagram.com/imdb/,,,https://www.instagram.com/p/CWLvRwlLgN-/,hazim_sattuf1Da Rock ğŸ¤¨ğŸ¤¨ğŸ¤¨2w4 likesReply
1638143497-1671,https://www.instagram.com/imdb/,,,https://www.instagram.com/p/CWLvRwlLgN-/,patrickwall_Pitty it's shit2w5 likesReply
1638143497-1676,https://www.instagram.com/imdb/,,,https://www.instagram.com/p/CWLvRwlLgN-/,shahriyar2654ğŸ‘ğŸ‘ğŸ‘ğŸ‘â¤ï¸â¤ï¸â¤ï¸â¤ï¸â¤ï¸ğŸ‘ğŸ‘ğŸ˜ğŸ˜ğŸ˜2wReply
1638143499-1693,https://www.instagram.com/imdb/,,,https://www.instagram.com/p/CWMDxg7F2hQ/,iam.abigaelLa la land my all time favourite2w2 likesReply
1638143499-1685,https://www.instagram.com/imdb/,,,https://www.instagram.com/p/CWMDxg7F2hQ/,parhamataaeiHappy Birthday #ryangosling â¤ï¸2w1 likeReply
1638143499-1691,https://www.instagram.com/imdb/,,,https://www.instagram.com/p/CWMDxg7F2hQ/,"lacasadufrancaisThe place beyond the pines, Drive, Only God forgive ğŸ”¥ğŸ‘2w1 likeReply"
1638143499-1692,https://www.instagram.com/imdb/,,,https://www.instagram.com/p/CWMDxg7F2hQ/,"mrsmithandcinemaDrive, Blade Runner 2049 and Blue Valentine. The Nice Guys comes close.2w3 likesReply"
1638143499-1686,https://www.instagram.com/imdb/,,,https://www.instagram.com/p/CWMDxg7F2hQ/,adithyan_b5HBD #ryangosling â¤ğŸ”¥2wReply
1638143499-1694,https://www.instagram.com/imdb/,,,https://www.instagram.com/p/CWMDxg7F2hQ/,"edsonericLars and the Real Girl, Drive and Blue Valentine â¤ï¸2w1 likeReply"
1638143499-1684,https://www.instagram.com/imdb/,,,https://www.instagram.com/p/CWMDxg7F2hQ/,valehmedov#lalaland #ryangosling happybirthday2wReply
1638143499-1688,https://www.instagram.com/imdb/,,,https://www.instagram.com/p/CWMDxg7F2hQ/,"mindestioDrive, Blade Runner and Blue Valentine ğŸ™ŒğŸ¾â¤ï¸2w5 likesReply"
1638143499-1682,https://www.instagram.com/imdb/,,,https://www.instagram.com/p/CWMDxg7F2hQ/,"imdbVerifiedHey girl, it's #RyanGosling's birthday! ğŸ˜ From #TheNotebook to #LaLaLand, what are your top 3 Ryan roles?2w"
1638143499-1690,https://www.instagram.com/imdb/,,,https://www.instagram.com/p/CWMDxg7F2hQ/,sevinctosunnğŸ’–ğŸŒ¸ğŸ’–ğŸ’“ğŸ’–ğŸ’“ğŸ’–ğŸŒ¸ğŸ’–ğŸ’“ğŸ’–ğŸ’–ğŸ’–ğŸŒ¸ğŸ’–ğŸ’–ğŸ’“ğŸ’–2wReply
1638143499-1687,https://www.instagram.com/imdb/,,,https://www.instagram.com/p/CWMDxg7F2hQ/,"imax8989Drive
Blade Runner 2049
Lars & the Real Girl2w11 likesReply"
1638143499-1683,https://www.instagram.com/imdb/,,,https://www.instagram.com/p/CWMDxg7F2hQ/,valehmedov#lalaland #ryangosling happybirthday2wReply
1638143499-1689,https://www.instagram.com/imdb/,,,https://www.instagram.com/p/CWMDxg7F2hQ/,ayako.1977THE NICE GUYSï¼2w5 likesReply
